country_index,year,country,population,gdp,primary_energy_consumption,cement_co2,coal_co2,flaring_co2,gas_co2,land_use_change_co2,oil_co2,co2_including_luc
China,1990,China,1153704192.0,3385121670000.0,7938.249,84.513,1976.684,0.0,29.301,1368.074,330.291,3852.928
China,1991,China,1170626176.0,3508947858611.704,8337.61,101.305,2049.92,0.0,30.778,1013.113,356.027,3619.209
China,1992,China,1183813376.0,3755037526742.155,8773.708,122.445,2114.715,0.0,30.239,1054.941,385.793,3785.728
China,1993,China,1195855616.0,4126169557030.082,9457.634,142.774,2228.745,0.0,35.728,1087.234,428.549,4008.885
China,1994,China,1207286656.0,4438753414215.048,10048.812,164.377,2380.586,3.737,41.568,1199.356,423.712,4303.095
China,1995,China,1218144384.0,4810000038087.688,10352.658,184.637,2569.754,3.728,42.436,1092.233,468.23,4453.87
China,1996,China,1228298880.0,5127589650603.525,10907.449,192.853,2660.401,5.584,44.47,1143.726,510.622,4652.544
China,1997,China,1237801472.0,5291338875305.675,10981.134,202.874,2609.556,5.425,44.159,1144.301,557.961,4659.896
China,1998,China,1246836096.0,5338703030195.93,11000.566,211.369,2444.771,4.132,50.501,1066.255,559.262,4430.843
China,1999,China,1255433216.0,5578502882830.346,11386.067,228.322,2580.992,4.433,54.572,904.531,596.751,4461.806
China,2000,China,1264099072.0,5952682267478.983,11800.283,244.388,2601.737,4.737,59.796,671.712,648.686,4320.913
China,2001,China,1272739584.0,6329737252351.483,12470.062,270.828,2637.655,4.783,67.157,580.39,659.3,4308.903
China,2002,China,1280926080.0,6814493702583.538,13580.49,282.688,3018.634,4.486,53.993,493.33,653.086,4596.373
China,2003,China,1288873344.0,7248622675468.963,15818.756,353.679,3601.712,5.18,60.745,520.981,727.099,5362.1
China,2004,China,1296816768.0,7830952987789.932,18509.135,368.396,3835.288,5.192,71.521,608.344,839.093,5825.695
China,2005,China,1304887552.0,8602939963887.271,21027.164,411.649,4424.39,5.588,84.957,386.445,850.173,6268.588
China,2006,China,1313086592.0,9489543075488.268,23048.367,470.087,4905.374,5.534,103.753,404.611,898.534,6898.949
China,2007,China,1321513216.0,10358205958547.176,25049.293,514.981,5289.904,4.965,129.515,359.417,927.351,7342.994
China,2008,China,1330167168.0,10799148306451.049,26019.0,525.924,5729.474,4.666,149.674,352.643,970.117,7854.141
China,2009,China,1339125632.0,11572543736341.38,27158.898,583.56,6028.5,4.557,164.404,357.847,982.348,8248.937
China,2010,China,1348191360.0,12858807557375.758,29055.609,639.592,6568.793,3.974,199.585,11.268,1092.572,8631.894
China,2011,China,1357095424.0,13691527058279.998,31336.535,708.564,7309.786,3.853,245.99,60.772,1123.859,9593.182
China,2012,China,1366560768.0,14773157696320.137,32624.225,714.782,7464.806,3.733,277.599,57.883,1176.712,9837.238
Germany,1990,Germany,79370192.0,2015547584054.0,4192.642,15.297,569.117,3.841,122.282,-39.965,333.267,1014.775
Germany,1991,Germany,79801984.0,2141316275284.2344,4090.643,13.741,504.043,3.619,130.146,-40.577,355.252,976.293
Germany,1992,Germany,80205024.0,2204952386036.203,4009.338,14.444,454.311,3.54,129.37,-19.371,357.921,950.103
Germany,1993,Germany,80573496.0,2206290839038.913,3991.526,14.531,430.776,3.318,136.288,-15.356,364.574,944.012
Germany,1994,Germany,80882120.0,2283952741453.933,3954.172,15.341,418.185,3.22,142.15,-15.478,353.769,927.707
Germany,1995,Germany,81123264.0,2347761273167.4883,3974.795,15.562,406.046,3.06,152.97,-18.85,351.664,921.047
Germany,1996,Germany,81300864.0,2391519661884.361,4105.846,14.811,400.612,3.213,169.956,-19.221,361.019,940.433
Germany,1997,Germany,81436096.0,2461046189510.3667,4053.187,15.275,386.864,3.239,162.878,-14.956,353.047,916.53
Germany,1998,Germany,81524384.0,2535903730461.1104,4019.631,15.545,377.48,3.168,165.378,-19.544,351.882,903.923
Germany,1999,Germany,81556968.0,2613176603036.141,3963.56,15.771,360.052,3.113,165.627,-21.002,340.806,874.4
Germany,2000,Germany,81551680.0,2718560408621.5728,3988.179,15.253,373.46,2.992,166.421,-20.247,330.737,878.691
Germany,2001,Germany,81514568.0,2793372810204.8223,4062.799,13.504,376.52,2.97,173.8,-21.19,338.856,894.052
Germany,2002,Germany,81443424.0,2822441757886.9287,4011.723,12.823,375.786,2.966,173.61,-16.598,324.412,882.237
Germany,2003,Germany,81346808.0,2831675982126.5684,4010.471,13.507,379.524,3.003,174.859,-13.72,319.712,886.139
Germany,2004,Germany,81266672.0,2894624832853.845,4009.893,14.068,375.978,2.928,173.344,-13.734,310.181,871.898
Germany,2005,Germany,81212168.0,2945461106151.811,3962.631,13.05,363.226,2.954,173.416,-16.163,304.012,849.308
Germany,2006,Germany,81177816.0,3086359027851.9297,4062.384,13.34,369.583,3.069,178.383,-14.307,304.138,863.19
Germany,2007,Germany,81183832.0,3220275782477.8364,3893.425,14.449,379.374,2.989,174.428,-13.165,269.802,837.065
Germany,2008,Germany,81217488.0,3289020458985.8726,3934.661,13.579,356.208,2.945,179.821,-13.516,291.228,839.342
Germany,2009,Germany,81260624.0,3136502149277.069,3692.18,12.559,317.893,2.575,167.4,-16.763,280.159,771.523
Germany,2010,Germany,81325088.0,3301123263613.155,3847.15,12.431,343.352,2.582,183.991,-12.653,280.447,818.476
Germany,2011,Germany,81423384.0,3467713048620.0,3710.586,13.393,344.685,2.673,168.397,-14.451,269.85,793.163
Germany,2012,Germany,81545568.0,3482225436872.4907,3761.915,13.289,349.791,2.657,168.05,-9.781,270.706,803.035
India,1990,India,870452160.0,1750993000000.0,2300.701,22.348,366.514,9.871,21.097,173.899,158.167,751.895
India,1991,India,888941760.0,1768493541134.4194,2427.663,24.503,393.043,7.834,23.563,135.573,166.423,750.938
India,1992,India,907574080.0,1851711553053.168,2552.772,25.156,411.414,3.565,27.256,166.806,188.055,822.253
India,1993,India,926351296.0,1944353935577.2017,2616.248,26.602,433.121,3.701,26.996,129.925,186.879,807.224
India,1994,India,945261952.0,2055026561101.048,2757.121,28.54,455.72,1.852,28.997,118.346,198.955,832.41
India,1995,India,964279104.0,2189535899268.4392,2963.118,31.104,471.723,2.303,39.051,84.262,216.281,844.724
India,1996,India,983281216.0,2345228633235.7017,3081.631,34.079,504.498,2.136,39.747,162.783,243.16,986.403
India,1997,India,1002335232.0,2426804741564.027,3252.01,37.418,527.722,2.645,46.024,101.582,244.202,959.593
India,1998,India,1021434560.0,2567853072025.03,3449.497,39.026,524.125,2.133,47.595,94.791,262.892,970.564
India,1999,India,1040500032.0,2710352899642.8384,3549.489,44.592,560.528,2.048,42.316,85.114,300.976,1035.574
India,2000,India,1059633664.0,2804478482984.145,3728.514,45.957,572.876,1.973,43.873,191.169,312.847,1168.695
India,2001,India,1078970880.0,2940745559129.762,3743.853,46.74,582.083,1.857,43.569,141.383,316.721,1132.352
India,2002,India,1098313088.0,3024984745054.45,3865.751,49.111,598.597,1.602,47.134,86.428,325.22,1108.092
India,2003,India,1117415168.0,3251114229338.8423,4004.078,50.88,625.89,1.787,49.988,113.07,330.615,1172.229
India,2004,India,1136264576.0,3495022980444.752,4347.582,55.545,669.968,1.765,49.585,71.903,348.234,1196.999
India,2005,India,1154638720.0,3752627778148.986,4603.61,59.687,721.469,1.704,50.439,43.071,352.376,1228.745
India,2006,India,1172373760.0,4069855789009.416,4849.72,64.905,773.564,1.741,82.58,38.939,369.694,1331.424
India,2007,India,1189691776.0,4403215152816.854,5263.111,68.333,842.477,1.842,87.956,94.336,391.897,1486.842
India,2008,India,1206734848.0,4649548338809.07,5570.697,73.245,910.795,1.888,90.277,148.334,413.233,1637.771
India,2009,India,1223640192.0,4993478622633.484,5986.512,81.268,983.947,1.879,112.463,82.88,432.66,1695.097
India,2010,India,1240613632.0,5361371111075.972,6244.97,86.029,1015.983,1.704,134.121,118.441,439.5,1795.778
India,2011,India,1257621248.0,5720692792640.0,6586.134,91.314,1074.385,2.648,136.26,97.74,460.104,1862.452
India,2012,India,1274487168.0,6052427547157.702,6942.567,100.237,1206.452,3.592,125.605,160.877,489.814,2086.577
Indonesia,1990,Indonesia,182159888.0,718548903869.9999,600.179,7.719,6.947,9.08,44.064,497.227,87.271,652.308
Indonesia,1991,Indonesia,185361232.0,786440044992.9438,652.938,9.087,13.52,11.061,43.494,409.643,97.702,584.508
Indonesia,1992,Indonesia,188558416.0,841780439780.087,716.86,9.777,12.509,11.809,52.373,652.677,112.95,852.096
Indonesia,1993,Indonesia,191737280.0,912702641601.2068,763.843,10.775,21.31,12.6,57.66,448.802,112.763,663.911
Indonesia,1994,Indonesia,194928544.0,986200296551.4216,799.647,12.538,26.648,10.942,60.309,791.66,108.934,1011.031
Indonesia,1995,Indonesia,198140160.0,1072204296474.335,870.284,13.312,25.175,9.634,64.574,684.51,109.715,906.92
Indonesia,1996,Indonesia,201373792.0,1161281466037.9387,933.146,14.266,27.561,10.939,78.992,730.093,121.308,983.158
Indonesia,1997,Indonesia,204628016.0,1221454520974.293,1012.695,16.01,29.389,11.951,82.042,2474.84,140.549,2754.782
Indonesia,1998,Indonesia,207855488.0,1066065594222.6708,995.569,13.077,32.075,10.305,48.028,1146.639,141.038,1391.162
Indonesia,1999,Indonesia,210996912.0,1079382549765.9032,1086.986,14.082,37.167,9.0,83.652,1159.971,148.101,1451.972
Indonesia,2000,Indonesia,214072416.0,1138300099827.1824,1163.577,16.446,50.906,8.57,48.592,836.486,156.816,1117.817
Indonesia,2001,Indonesia,217112432.0,1185220892016.5657,1246.32,18.462,64.629,8.704,61.163,827.764,164.07,1144.792
Indonesia,2002,Indonesia,220115088.0,1244249969512.5537,1280.054,18.137,66.665,7.077,59.764,1076.239,156.843,1384.725
Indonesia,2003,Indonesia,223080128.0,1309811242918.529,1388.661,17.811,89.49,6.947,62.662,735.995,162.447,1075.352
Indonesia,2004,Indonesia,225938592.0,1387446353198.2068,1375.442,19.047,82.216,5.978,61.886,835.711,173.895,1178.733
Indonesia,2005,Indonesia,228805152.0,1474875285411.1775,1415.489,18.527,94.222,5.663,54.451,779.16,174.754,1126.777
Indonesia,2006,Indonesia,231797424.0,1565012881849.6174,1439.761,19.047,111.641,6.021,57.426,1265.132,152.499,1611.766
Indonesia,2007,Indonesia,234858288.0,1674227395598.5876,1545.187,19.567,140.066,4.923,57.078,535.139,166.225,922.997
Indonesia,2008,Indonesia,237936544.0,1809491109528.5603,1563.029,20.542,121.845,4.716,60.313,597.031,158.303,962.75
Indonesia,2009,Indonesia,240981296.0,1905717536727.7288,1605.616,19.437,128.274,5.43,64.541,876.553,181.26,1275.495
Indonesia,2010,Indonesia,244016176.0,2039334409081.118,1737.839,19.461,152.667,4.274,73.73,498.996,195.674,944.802
Indonesia,2011,Indonesia,247099696.0,2178184535640.0,1835.917,21.1,181.281,5.462,81.553,732.776,211.329,1233.501
Indonesia,2012,Indonesia,250222688.0,2309530167050.131,1895.301,23.294,187.171,6.649,80.062,746.869,218.777,1262.823
Iran,1990,Iran,55793628.0,318478240120.0,811.283,6.13,2.693,21.819,40.015,67.167,139.287,277.11
Iran,1991,Iran,57990892.0,376283103700.0589,880.229,6.27,3.843,22.313,49.617,62.392,139.79,284.226
Iran,1992,Iran,59372016.0,424984706407.22,973.424,6.226,3.385,21.734,52.647,33.696,142.941,260.631
Iran,1993,Iran,59755432.0,419990130850.4637,900.748,6.559,4.133,17.697,60.69,21.343,146.528,256.95
Iran,1994,Iran,59985752.0,419488453192.59937,1008.745,6.78,4.173,21.821,73.287,7.882,157.266,271.21
Iran,1995,Iran,60794808.0,437566114818.61,1057.944,6.986,3.909,20.192,81.575,-8.986,156.607,260.284
Iran,1996,Iran,61598380.0,483475463897.0789,1150.883,7.081,4.089,21.72,81.246,9.157,160.791,284.083
Iran,1997,Iran,62480528.0,512736332760.9304,1186.134,7.565,4.195,21.471,90.915,-8.209,143.211,259.149
Iran,1998,Iran,63461424.0,541099722937.8248,1235.507,7.862,4.884,17.247,98.652,-37.292,174.87,266.222
Iran,1999,Iran,64474748.0,563869023677.0673,1331.568,8.477,4.976,16.516,114.287,12.972,227.718,384.946
Iran,2000,Iran,65544380.0,595554565540.217,1396.568,9.118,5.328,19.291,120.448,6.05,210.118,370.352
Iran,2001,Iran,66674856.0,636570217166.9003,1492.142,9.922,4.14,16.988,127.654,6.077,227.454,392.235
Iran,2002,Iran,67327120.0,698059632125.2432,1626.368,10.446,4.664,16.556,143.816,6.394,217.927,399.804
Iran,2003,Iran,67954704.0,779969640263.5548,1656.194,10.749,5.188,21.881,158.468,8.57,210.79,415.646
Iran,2004,Iran,69061680.0,849442006170.8127,1831.958,11.32,4.994,20.699,178.9,10.814,221.765,448.493
Iran,2005,Iran,70182592.0,908856029705.2104,1940.3,11.344,6.086,21.924,200.161,12.055,222.489,474.057
Iran,2006,Iran,71275768.0,995245215831.0476,2120.271,12.305,5.983,22.879,221.54,-21.427,233.364,474.643
Iran,2007,Iran,72319424.0,1098784548781.576,2253.991,14.191,6.577,20.097,236.52,-17.287,225.18,485.278
Iran,2008,Iran,73318400.0,1132365763008.882,2323.367,15.627,5.859,20.251,246.875,-21.488,233.945,501.069
Iran,2009,Iran,74322688.0,1208128424817.4573,2379.29,17.753,4.393,20.475,261.065,-23.819,232.918,512.786
Iran,2010,Iran,75373864.0,1310507084578.0962,2421.595,21.561,5.448,21.191,277.22,-25.459,227.533,527.494
Iran,2011,Iran,76342968.0,1345049291040.0002,2529.514,23.057,5.313,20.961,293.263,-26.615,223.695,539.674
Iran,2012,Iran,77324448.0,1324570716832.7043,2558.024,24.068,4.129,20.731,292.274,-26.956,247.162,561.408
Japan,1990,Japan,123686320.0,3699821562651.0,5218.65,38.701,318.711,0.192,116.896,0.559,671.429,1157.755
Japan,1991,Japan,124073992.0,3824677414140.348,5336.243,40.347,318.579,0.216,125.042,-0.773,673.791,1168.124
Japan,1992,Japan,124444696.0,3856515793128.783,5391.939,41.666,312.947,0.209,126.467,-1.36,687.36,1177.315
Japan,1993,Japan,124779576.0,3860865139821.36,5473.17,41.224,318.364,0.212,129.365,-3.139,672.758,1168.548
Japan,1994,Japan,125119264.0,3893220523448.09,5677.982,42.297,326.152,0.232,135.668,0.4,712.832,1227.102
Japan,1995,Japan,125433968.0,3997430896753.146,5968.173,42.142,336.098,0.523,140.632,-3.867,710.136,1235.181
Japan,1996,Japan,125726224.0,4118875415477.421,6083.47,42.56,344.903,0.572,146.416,-5.057,707.677,1246.488
Japan,1997,Japan,126027984.0,4160709476275.336,6200.573,39.926,350.437,0.582,151.051,-7.075,692.814,1237.176
Japan,1998,Japan,126308392.0,4111244968374.173,6076.8,35.363,328.065,0.5,154.585,-6.562,676.905,1197.841
Japan,1999,Japan,126555064.0,4098282957768.511,6176.304,35.01,346.075,0.541,163.835,-7.479,686.478,1233.557
Japan,2000,Japan,126803864.0,4209651885903.616,6242.476,35.086,372.898,0.513,168.695,4.071,677.172,1267.826
Japan,2001,Japan,127065736.0,4224163564299.504,6183.373,34.374,381.944,0.55,167.833,-7.242,655.456,1241.92
Japan,2002,Japan,127301744.0,4226575817549.0127,6192.44,32.417,399.075,0.526,171.744,-9.79,666.369,1268.997
Japan,2003,Japan,127502352.0,4288493335985.549,6170.211,31.935,412.437,0.507,177.139,-11.243,656.423,1276.05
Japan,2004,Japan,127671288.0,4380397985974.367,6241.509,31.276,420.397,0.479,176.05,-11.29,645.272,1271.396
Japan,2005,Japan,127798376.0,4450600965248.421,6263.036,32.28,430.822,0.509,174.681,-11.544,642.282,1278.601
Japan,2006,Japan,127902168.0,4514224954934.308,6248.704,31.991,427.929,0.555,191.312,-11.648,605.501,1255.47
Japan,2007,Japan,128006424.0,4590814356007.329,6181.806,30.658,445.403,0.617,207.748,-10.874,608.088,1291.963
Japan,2008,Japan,128077632.0,4542408211673.288,6073.238,28.553,426.679,0.567,203.282,-9.891,563.322,1222.123
Japan,2009,Japan,128117040.0,4298102894746.953,5541.613,25.308,411.779,0.502,201.011,-10.214,516.33,1152.843
Japan,2010,Japan,128105432.0,4480295741206.953,5907.574,24.321,446.473,0.476,212.046,-10.765,522.267,1203.942
Japan,2011,Japan,128007256.0,4468738297310.0,5595.579,24.983,430.912,0.479,246.698,-8.837,552.787,1255.794
Japan,2012,Japan,127853688.0,4530172320771.594,5552.538,25.625,450.418,0.492,255.891,-5.797,564.589,1300.087
Russia,1990,Russia,148005696.0,1834865200000.0,10076.103,34.609,754.207,33.222,788.193,335.757,888.24,2872.005
Russia,1991,Russia,148455408.0,1782589564629.87,9938.643,32.837,705.395,33.629,754.959,289.872,844.452,2696.628
Russia,1992,Russia,148725600.0,1557839108249.74,9566.619,26.717,521.601,27.375,774.35,164.031,585.385,2130.536
Russia,1993,Russia,148897280.0,1453308148987.4358,8919.131,21.995,507.516,22.063,781.669,127.235,509.992,1993.964
Russia,1994,Russia,148829120.0,1297672588197.074,8138.424,16.475,454.67,18.667,732.937,81.446,406.8,1729.11
Russia,1995,Russia,148557456.0,1274033452593.145,7702.033,16.646,479.041,19.977,699.582,12.235,386.793,1631.962
Russia,1996,Russia,148233408.0,1256336599008.7852,7413.202,12.723,477.466,20.154,699.775,440.799,361.332,2027.621
Russia,1997,Russia,147939968.0,1303661574747.2632,7011.005,12.273,411.997,21.843,669.233,40.629,352.956,1522.874
Russia,1998,Russia,147672720.0,1263722619613.472,6997.946,11.923,400.631,21.849,673.399,21.029,345.571,1486.282
Russia,1999,Russia,147336384.0,1375023713543.9185,7086.538,13.173,407.464,23.633,686.577,34.665,350.395,1528.844
Russia,2000,Russia,146844848.0,1547057421504.8684,7214.09,15.113,427.01,23.764,681.631,-17.237,317.516,1461.906
Russia,2001,Russia,146235520.0,1662886687529.01,7328.268,15.863,445.476,24.348,693.223,-39.505,323.3,1476.142
Russia,2002,Russia,145590144.0,1781424835793.5156,7298.46,17.116,424.116,34.816,702.703,-61.838,314.772,1444.95
Russia,2003,Russia,144946720.0,1955876013599.748,7448.467,18.666,425.963,34.543,735.376,-35.004,308.711,1502.014
Russia,2004,Russia,144353648.0,2143914804361.1624,7514.088,20.915,416.376,39.638,743.405,-39.594,309.318,1504.363
Russia,2005,Russia,143800048.0,2331246979614.2773,7503.902,22.256,417.916,41.53,746.183,-19.596,320.02,1542.98
Russia,2006,Russia,143338672.0,2576148481476.799,7836.936,24.545,437.859,42.157,766.955,22.696,335.529,1645.698
Russia,2007,Russia,143117680.0,2858759517669.522,7878.334,27.645,423.047,50.868,779.354,61.696,326.463,1685.478
Russia,2008,Russia,143086544.0,3078094268792.468,7914.625,23.625,451.93,36.625,779.724,34.12,343.698,1686.184
Russia,2009,Russia,143163648.0,2903690084793.3013,7522.19,19.746,419.075,38.288,732.688,208.419,323.009,1753.454
Russia,2010,Russia,143242592.0,3105249200734.025,7814.577,22.723,419.276,47.87,794.593,378.583,333.87,2011.366
Russia,2011,Russia,143364544.0,3306766109400.0,8080.629,25.129,430.352,51.561,817.72,96.24,346.176,1782.149
Russia,2012,Russia,143629360.0,3439833226935.005,8128.429,26.332,445.326,52.928,807.072,338.417,353.791,2039.685
Saudi Arabia,1990,Saudi Arabia,16004768.0,230231008935.0,928.337,5.819,0.0,0.462,90.816,12.094,111.4,220.591
Saudi Arabia,1991,Saudi Arabia,16654283.0,279266371065.1608,972.452,5.509,0.0,0.865,111.496,8.921,170.676,297.466
Saudi Arabia,1992,Saudi Arabia,17281352.0,306102223787.6601,981.756,7.417,0.0,0.539,113.518,6.545,194.701,322.719
Saudi Arabia,1993,Saudi Arabia,17846472.0,318013020887.6868,1002.85,7.398,0.0,0.729,119.721,4.196,212.794,344.839
Saudi Arabia,1994,Saudi Arabia,18367526.0,336457989306.8776,1159.58,7.246,0.0,6.717,124.521,3.04,195.159,336.683
Saudi Arabia,1995,Saudi Arabia,18888862.0,354296179976.4951,1130.006,7.612,0.0,6.172,75.896,2.235,178.451,270.367
Saudi Arabia,1996,Saudi Arabia,19410278.0,381675231245.7961,1168.553,7.925,0.0,6.839,79.219,1.739,169.343,265.065
Saudi Arabia,1997,Saudi Arabia,19938380.0,404619651567.376,1190.249,7.417,0.0,7.768,82.48,1.448,124.004,223.118
Saudi Arabia,1998,Saudi Arabia,20472576.0,436367193703.5482,1252.577,7.596,0.0,6.745,83.902,1.28,114.914,214.437
Saudi Arabia,1999,Saudi Arabia,21009664.0,440370735163.2982,1275.43,7.842,0.0,6.094,82.403,1.19,135.143,232.673
Saudi Arabia,2000,Saudi Arabia,21547398.0,488272436077.2844,1334.88,8.696,0.0,7.078,88.183,1.251,198.371,303.579
Saudi Arabia,2001,Saudi Arabia,22085932.0,506978108819.2545,1422.332,9.887,0.0,6.558,81.253,1.158,205.004,303.861
Saudi Arabia,2002,Saudi Arabia,22623412.0,518347021615.0169,1481.383,11.162,0.0,6.417,94.938,2.229,219.463,334.209
Saudi Arabia,2003,Saudi Arabia,23150850.0,607244611840.5791,1569.191,11.545,0.0,7.704,97.902,0.605,216.839,334.596
Saudi Arabia,2004,Saudi Arabia,23661804.0,690846608611.7495,1702.448,11.722,0.0,6.853,119.244,0.682,263.194,401.695
Saudi Arabia,2005,Saudi Arabia,24397652.0,768984291416.5668,1811.106,11.527,0.0,7.378,127.254,-0.042,256.689,402.806
Saudi Arabia,2006,Saudi Arabia,25382870.0,833723440544.4121,1900.17,12.391,0.0,7.961,135.0,0.448,283.766,439.565
Saudi Arabia,2007,Saudi Arabia,26400066.0,896025271157.8036,1944.057,14.179,0.0,7.98,113.478,-0.721,258.466,393.381
Saudi Arabia,2008,Saudi Arabia,27437352.0,1005243487231.4844,2128.464,18.37,0.0,8.007,125.151,-1.945,288.815,438.398
Saudi Arabia,2009,Saudi Arabia,28483800.0,1040467071488.0432,2205.138,20.185,0.0,7.371,119.593,-1.804,326.067,471.411
Saudi Arabia,2010,Saudi Arabia,29411930.0,1156842070017.8462,2451.107,20.991,0.0,6.888,137.078,-1.559,359.647,523.045
Saudi Arabia,2011,Saudi Arabia,30150952.0,1347950215300.0002,2557.291,22.332,0.0,5.267,139.617,-1.64,335.71,501.286
Saudi Arabia,2012,Saudi Arabia,30821554.0,1421109169229.881,2714.21,25.374,0.0,3.646,151.587,-1.754,386.219,565.071
South Korea,1990,South Korea,44120040.0,594764506000.0,1066.037,15.873,94.308,0.0,6.433,-4.389,130.947,246.122
South Korea,1991,South Korea,44487412.0,651871517499.077,1205.615,18.962,94.094,0.0,7.441,-4.65,151.671,271.039
South Korea,1992,South Korea,44703708.0,687368672650.7195,1359.716,21.129,91.32,0.0,9.733,-3.941,173.971,295.965
South Korea,1993,South Korea,44932856.0,729369259346.2485,1491.08,24.7,99.62,0.0,12.159,-4.351,189.427,325.823
South Korea,1994,South Korea,45165784.0,791073887356.4005,1607.975,26.84,101.801,0.0,16.186,-5.238,206.573,350.457
South Korea,1995,South Korea,45393416.0,860793765469.5463,1756.939,28.105,105.3,0.0,19.574,-6.44,226.079,377.225
South Korea,1996,South Korea,45660164.0,919812656163.082,1940.434,28.309,122.689,0.0,25.859,-6.651,239.471,414.345
South Korea,1997,South Korea,45962392.0,967604949673.4828,2131.123,29.32,133.313,0.0,31.427,-6.547,246.07,438.421
South Korea,1998,South Korea,46250260.0,908368099519.259,1948.724,22.879,137.598,0.0,29.399,-5.799,183.586,372.239
South Korea,1999,South Korea,46520448.0,1004162465779.1472,2123.568,23.719,145.635,0.0,35.797,-2.84,200.628,407.679
South Korea,2000,South Korea,46788588.0,1086261688368.0928,2245.913,24.756,163.883,0.0,40.204,-5.298,206.229,434.682
South Korea,2001,South Korea,47064784.0,1127616213145.893,2300.119,25.665,174.626,0.0,44.163,-5.99,206.083,449.641
South Korea,2002,South Korea,47320664.0,1203066619635.484,2406.09,27.107,187.637,0.0,49.069,-5.827,207.116,470.238
South Korea,2003,South Korea,47539740.0,1229830476309.0251,2483.298,27.92,195.319,0.0,51.401,-5.775,205.372,479.437
South Korea,2004,South Korea,47727288.0,1281243817522.8486,2541.355,26.124,203.138,0.0,60.234,-5.173,196.256,486.216
South Korea,2005,South Korea,47889576.0,1322354609515.1082,2627.459,23.326,209.293,0.0,65.27,-5.509,195.069,493.179
South Korea,2006,South Korea,48049348.0,1381281441120.419,2670.581,23.14,216.428,0.0,67.995,-5.453,190.054,498.025
South Korea,2007,South Korea,48220600.0,1446721514340.8052,2750.528,26.275,228.427,0.0,73.37,-5.357,187.258,516.352
South Korea,2008,South Korea,48398632.0,1477425175333.3142,2796.214,26.08,253.041,0.0,75.924,-5.493,171.088,527.158
South Korea,2009,South Korea,48588024.0,1477640599868.5225,2811.591,24.553,262.395,0.0,72.171,-4.983,172.708,532.836
South Korea,2010,South Korea,48813036.0,1562822799633.4438,3037.211,24.297,295.05,0.0,91.541,-5.623,176.156,588.716
South Korea,2011,South Korea,49169880.0,1609219825000.0,3177.892,24.721,320.169,0.0,98.513,-1.481,171.469,621.962
South Korea,2012,South Korea,49634188.0,1647889378855.79,3216.42,24.849,316.99,0.0,106.566,-3.875,170.817,624.068
Ukraine,1990,Ukraine,51589816.0,495935195925.0,3194.697,9.401,263.168,3.483,216.19,6.749,205.687,712.976
Ukraine,1991,Ukraine,51672816.0,460353475477.5743,2994.568,8.918,222.622,3.065,224.884,18.983,167.044,651.907
Ukraine,1992,Ukraine,51785152.0,421710464844.3461,2530.553,8.679,245.344,2.709,197.13,10.852,129.12,600.134
Ukraine,1993,Ukraine,51778420.0,367893671629.1579,2218.278,6.398,235.88,2.437,165.866,7.551,94.482,517.871
Ukraine,1994,Ukraine,51487376.0,288418679454.6148,1895.852,4.991,185.817,2.277,144.306,12.293,77.58,431.785
Ukraine,1995,Ukraine,51061268.0,257477959280.3348,1849.755,3.408,174.093,2.226,134.048,5.413,72.31,395.485
Ukraine,1996,Ukraine,50616104.0,235602700933.8514,1724.072,2.161,146.215,2.231,137.899,2.399,60.779,354.168
Ukraine,1997,Ukraine,50169352.0,232333257919.2345,1662.889,2.415,154.305,2.212,129.719,-2.741,49.468,337.774
Ukraine,1998,Ukraine,49745868.0,231737301784.4261,1604.654,2.788,123.079,2.191,155.921,-7.755,42.553,321.052
Ukraine,1999,Ukraine,49320116.0,235148294813.56973,1580.584,2.535,123.714,2.145,130.367,16.99,37.528,315.569
Ukraine,2000,Ukraine,48879752.0,253196042659.5286,1585.457,2.261,122.878,2.147,124.325,13.57,31.612,299.244
Ukraine,2001,Ukraine,48414536.0,281110341382.554,1562.9,2.475,131.831,2.191,130.433,4.852,33.996,308.743
Ukraine,2002,Ukraine,47976540.0,301087055499.01764,1553.238,2.817,136.228,2.178,116.284,1.981,35.368,297.882
Ukraine,2003,Ukraine,47605644.0,335257370431.96234,1591.928,3.612,132.444,2.379,128.304,3.277,37.249,310.522
Ukraine,2004,Ukraine,47261960.0,381078098167.3898,1585.872,4.264,135.323,2.573,128.409,-1.29,36.469,309.336
Ukraine,2005,Ukraine,46912616.0,399366219156.52,1605.493,4.785,135.906,2.472,130.363,-0.17,36.259,313.36
Ukraine,2006,Ukraine,46592552.0,436786728856.8704,1624.431,5.484,154.04,2.49,126.738,-1.725,40.508,331.337
Ukraine,2007,Ukraine,46313064.0,480580706165.646,1617.882,6.164,161.469,2.618,119.444,1.519,43.12,338.339
Ukraine,2008,Ukraine,46062936.0,499592176469.6205,1562.053,6.294,154.64,2.696,114.802,-0.274,43.891,325.71
Ukraine,2009,Ukraine,45863884.0,431074417352.5093,1330.558,2.59,136.611,2.647,89.978,11.767,42.693,289.361
Ukraine,2010,Ukraine,45683024.0,439429747803.677,1426.915,2.882,145.421,2.618,100.442,4.604,39.84,298.97
Ukraine,2011,Ukraine,45516136.0,471221172160.0,1474.744,3.901,153.853,2.679,104.231,2.959,39.774,311.336
Ukraine,2012,Ukraine,45406228.0,472276708774.4383,1442.989,3.281,158.981,2.549,97.27,19.818,38.465,324.242
United Kingdom,1990,United Kingdom,57210444.0,1505692217023.0,2508.394,7.295,252.69,6.787,113.518,3.898,217.8,605.843
United Kingdom,1991,United Kingdom,57359452.0,1488075335693.217,2561.217,5.994,253.623,6.26,121.693,2.537,218.39,611.95
United Kingdom,1992,United Kingdom,57509240.0,1491751994195.3423,2545.327,5.456,237.747,6.444,122.296,-9.416,218.447,584.43
United Kingdom,1993,United Kingdom,57647464.0,1527509033321.5083,2574.725,5.525,207.686,6.636,137.591,-8.109,219.163,571.504
United Kingdom,1994,United Kingdom,57785900.0,1585373240249.67,2543.823,6.368,195.376,7.426,145.455,-3.976,215.736,570.041
United Kingdom,1995,United Kingdom,57930364.0,1623858085652.9077,2552.545,6.285,181.699,8.341,154.254,7.257,211.595,573.416
United Kingdom,1996,United Kingdom,58078584.0,1663446686660.2542,2676.295,6.416,173.072,8.707,177.543,13.4,216.892,600.16
United Kingdom,1997,United Kingdom,58250192.0,1713864624539.017,2629.999,6.71,154.729,7.211,182.887,6.285,207.743,568.993
United Kingdom,1998,United Kingdom,58438320.0,1766619843236.3413,2651.819,6.838,154.088,7.448,191.361,-4.981,204.934,563.562
United Kingdom,1999,United Kingdom,58635204.0,1823341857250.996,2639.632,6.531,138.313,6.171,205.231,-5.65,201.663,556.0
United Kingdom,2000,United Kingdom,58850044.0,1889565241789.2625,2664.474,6.332,144.443,6.446,210.131,0.642,198.238,569.675
United Kingdom,2001,United Kingdom,59092016.0,1939268249282.171,2692.175,5.844,153.534,6.493,210.16,-0.182,198.651,577.789
United Kingdom,2002,United Kingdom,59355688.0,1983994387966.655,2631.41,5.988,141.691,6.179,207.03,1.733,196.13,562.007
United Kingdom,2003,United Kingdom,59649800.0,2050625396538.616,2669.371,5.868,153.103,5.563,208.462,4.319,194.397,575.938
United Kingdom,2004,United Kingdom,59995852.0,2099526781839.385,2691.21,5.977,147.662,5.619,211.734,6.557,197.952,579.987
United Kingdom,2005,United Kingdom,60383740.0,2161729590909.2776,2713.482,5.941,148.033,5.991,205.438,43.367,200.448,613.705
United Kingdom,2006,United Kingdom,60803700.0,2212618763719.148,2678.878,5.893,160.844,5.272,194.126,22.123,197.183,589.968
United Kingdom,2007,United Kingdom,61260680.0,2267631550916.6123,2604.628,6.117,150.844,5.417,196.52,17.728,196.16,577.295
United Kingdom,2008,United Kingdom,61742152.0,2252034790088.917,2559.33,5.205,139.219,4.75,202.655,10.905,188.8,555.837
United Kingdom,2009,United Kingdom,62243384.0,2151479088951.179,2430.017,3.721,113.823,4.881,188.07,7.684,180.264,501.791
United Kingdom,2010,United Kingdom,62760048.0,2190919846036.3564,2481.533,3.792,118.03,4.738,201.927,6.804,179.848,518.709
United Kingdom,2011,United Kingdom,63286360.0,2223011348880.0,2342.043,4.097,117.15,4.453,168.236,10.638,172.06,480.352
United Kingdom,2012,United Kingdom,63808728.0,2255210703605.8345,2379.613,3.724,148.005,3.646,158.24,16.94,170.288,504.416
United States,1990,United States,248083728.0,9250377703908.0,22606.611,33.484,1814.521,46.339,1023.151,289.245,2178.912,5410.202
United States,1991,United States,251560192.0,9224688467039.951,22576.309,32.736,1797.739,45.348,1042.997,237.034,2119.828,5299.991
United States,1992,United States,255175328.0,9552658066416.504,22909.344,32.993,1819.076,45.015,1081.595,179.678,2171.389,5353.906
United States,1993,United States,258779760.0,9814940459160.438,23390.023,34.838,1880.75,44.013,1110.157,164.854,2179.57,5437.705
United States,1994,United States,262273584.0,10211204349910.549,23820.387,36.31,1894.587,44.409,1137.466,215.746,2226.839,5580.025
United States,1995,United States,265660560.0,10488856950652.176,24340.916,37.075,1913.488,42.757,1186.277,98.968,2218.052,5524.228
United States,1996,United States,268984352.0,10886952651335.85,25161.398,37.309,1993.662,41.299,1206.218,80.214,2305.573,5693.196
United States,1997,United States,272395424.0,11375560897368.248,25350.254,38.561,2039.02,41.419,1213.878,103.047,2326.319,5791.189
United States,1998,United States,275835008.0,11881792591151.297,25512.498,39.461,2063.092,39.022,1191.005,112.859,2370.752,5846.14
United States,1999,United States,279181568.0,12438444800884.094,25965.105,40.239,2063.44,38.8,1197.99,151.724,2433.326,5955.642
United States,2000,United States,282398560.0,12947418288738.207,26545.426,41.445,2163.759,38.915,1251.263,137.626,2487.797,6147.761
United States,2001,United States,285470496.0,13073810390593.63,25912.779,41.613,2099.619,38.696,1198.819,42.849,2502.393,5950.588
United States,2002,United States,288350240.0,13307343355773.19,26297.848,43.164,2103.791,38.893,1237.949,5.003,2495.597,5951.311
United States,2003,United States,291109824.0,13680911692119.717,26380.113,43.349,2143.993,38.567,1201.023,64.132,2557.467,6074.277
United States,2004,United States,293947872.0,14198910037086.336,26897.549,45.886,2164.773,39.12,1204.496,-18.676,2630.825,6093.979
United States,2005,United States,296842656.0,14673826132063.236,26910.133,46.194,2188.244,39.43,1186.858,44.344,2642.692,6176.527
United States,2006,United States,299753088.0,15065164433314.504,26698.119,46.851,2152.459,40.037,1173.211,-37.954,2609.708,6014.732
United States,2007,United States,302743392.0,15333183459083.195,27063.787,45.509,2175.189,40.463,1247.391,-53.868,2592.216,6076.254
United States,2008,United States,305694912.0,15288552806647.248,26405.514,41.416,2135.724,42.054,1252.781,-2.658,2414.708,5912.461
United States,2009,United States,308512032.0,14864003316912.0,25105.531,29.615,1872.449,41.082,1231.607,-49.924,2280.345,5430.801
United States,2010,United States,311182848.0,15239587282908.611,25951.863,31.449,1982.954,43.407,1290.495,7.877,2300.574,5687.592
United States,2011,United States,313876608.0,15477885525000.0,25726.066,32.208,1873.284,47.863,1310.707,-79.32,2252.414,5466.796
United States,2012,United States,316651328.0,15830887501026.082,25047.863,35.27,1658.491,51.515,1372.072,27.297,2196.025,5371.383
