year,country,population,gdp,cement_co2,coal_co2,flaring_co2,gas_co2,land_use_change_co2,oil_co2,cumulative_co2_including_luc,co2_including_luc
1950,Stany Zjednoczone,154202683.0,2320610099200.0,20.125,1257.232,43.122,319.219,475.02,896.801,,3016.505
1951,Stany Zjednoczone,156481322.0,2497407877120.0,22.041,1211.599,42.7,376.209,426.334,960.662,,3045.046
1952,Stany Zjednoczone,158794225.0,2590801395712.0,22.256,1074.173,45.683,402.787,369.454,1000.967,,2920.673
1953,Stany Zjednoczone,161168319.0,2709832597504.0,23.521,1065.955,43.62,423.342,339.162,1050.079,,2952.133
1954,Stany Zjednoczone,163636304.0,2691885432832.0,24.131,913.446,38.952,444.0,348.944,1063.212,,2838.407
1955,Stany Zjednoczone,166200030.0,2882221637632.0,26.584,1026.222,41.645,479.19,321.69,1147.903,,3050.202
1956,Stany Zjednoczone,168824963.0,2938405650432.0,28.39,1068.358,46.529,505.889,305.819,1203.787,,3165.813
1957,Stany Zjednoczone,171499235.0,2993553408000.0,27.006,1024.081,43.558,540.645,281.9,1193.662,,3117.672
1958,Stany Zjednoczone,174215305.0,2963550502912.0,27.758,888.344,34.097,570.701,271.272,1220.046,,3018.38
1959,Stany Zjednoczone,177145772.0,3183156920320.0,30.234,910.978,30.756,593.21,202.744,1258.457,,3034.667
1960,Stany Zjednoczone,180274554.0,3262376312832.0,28.798,917.964,30.316,630.025,199.055,1281.631,,3096.37
1961,Stany Zjednoczone,183489491.0,3338584195072.0,28.699,887.443,28.198,636.415,69.092,1297.316,,2955.965
1962,Stany Zjednoczone,186724277.0,3539745112064.0,29.878,920.818,22.922,676.367,217.076,1334.748,,3210.978
1963,Stany Zjednoczone,189825228.0,3692868403200.0,31.435,987.008,20.65,718.455,124.979,1359.256,,3251.467
1964,Stany Zjednoczone,192819456.0,3906859958272.0,33.026,1049.177,18.412,759.072,75.419,1393.919,,3339.732
1965,Stany Zjednoczone,195653775.0,4156141338624.0,33.295,1090.619,17.188,782.605,48.665,1464.691,,3448.212
1966,Stany Zjednoczone,198265397.0,4428300025856.0,34.573,1132.718,20.233,842.207,18.419,1529.661,,3589.84
1967,Stany Zjednoczone,200699913.0,4538979319808.0,33.594,1163.049,26.384,881.284,487.157,1589.194,,4192.618
1968,Stany Zjednoczone,203011021.0,4754925682688.0,35.32,1139.603,27.817,936.361,798.453,1689.423,,4639.372
1969,Stany Zjednoczone,205300032.0,4903769997312.0,35.697,1158.0,28.315,1018.083,425.775,1781.627,,4460.92
1970,Stany Zjednoczone,207796339.0,4912635707392.0,34.924,1168.091,26.249,1059.211,337.724,2038.082,,4677.41
1971,Stany Zjednoczone,210426424.0,5065682190336.0,35.51,1107.406,15.261,1096.927,271.072,2097.305,,4636.537
1972,Stany Zjednoczone,212842574.0,5334296952832.0,36.523,1124.841,13.308,1115.673,248.741,2269.174,,4821.756
1973,Stany Zjednoczone,215006548.0,5637202771968.0,36.917,1220.714,13.187,1175.252,198.78,2325.281,,4984.214
1974,Stany Zjednoczone,217076474.0,5621366128640.0,36.806,1199.352,8.9,1134.594,190.06,2227.39,,4811.479
1975,Stany Zjednoczone,219129300.0,5605794775040.0,30.463,1195.102,7.112,1042.853,184.521,2190.27,,4663.083
1976,Stany Zjednoczone,221168756.0,5899591090176.0,32.37,1281.249,7.339,1063.161,207.185,2350.496,,4955.296
1977,Stany Zjednoczone,223259417.0,6166912434176.0,33.979,1315.802,7.262,1041.406,332.595,2478.228,,5222.548
1978,Stany Zjednoczone,225396098.0,6518624223232.0,35.616,1314.266,8.123,1045.577,250.424,2524.557,,5192.131
1979,Stany Zjednoczone,227575083.0,6740172603392.0,35.94,1427.55,8.867,1080.846,233.98,2441.816,,5242.936
1980,Stany Zjednoczone,229858654.0,6743208230912.0,32.922,1453.891,6.69,1058.408,264.894,2244.35,,5073.771
1981,Stany Zjednoczone,232201613.0,6911865389056.0,31.962,1503.037,5.232,1032.434,259.265,2101.535,,4946.007
1982,Stany Zjednoczone,234583158.0,6782206345216.0,28.441,1449.193,4.99,961.223,253.021,1994.366,,4700.623
1983,Stany Zjednoczone,236986362.0,7066236747776.0,30.44,1504.91,5.089,901.395,275.368,1977.975,,4705.079
1984,Stany Zjednoczone,239353968.0,7581108011008.0,32.915,1616.224,5.789,962.574,280.447,2034.424,,4942.935
1985,Stany Zjednoczone,241690439.0,7874872344576.0,31.708,1655.15,5.1,926.826,286.783,2023.738,,4939.722
1986,Stany Zjednoczone,243953810.0,8146027806720.0,32.854,1635.859,5.243,868.157,216.804,2111.99,,4880.515
1987,Stany Zjednoczone,246161292.0,8432566927360.0,32.976,1709.615,6.632,923.281,257.921,2143.02,,5083.934
1988,Stany Zjednoczone,248393235.0,8787202670592.0,33.248,1792.863,7.643,964.695,272.751,2241.04,,5323.609
1989,Stany Zjednoczone,250675047.0,9091291283456.0,33.264,1813.282,7.595,1027.299,269.548,2239.66,,5402.091
1990,Stany Zjednoczone,253373385.0,9250377039872.0,33.484,1814.537,46.339,1023.425,287.005,2178.622,,5407.962
1991,Stany Zjednoczone,256471425.0,9224687976448.0,32.736,1797.157,45.348,1042.436,233.531,2120.971,,5296.487
1992,Stany Zjednoczone,259606020.0,9552658432000.0,32.993,1817.281,45.015,1080.4,183.852,2174.379,,5358.079
1993,Stany Zjednoczone,262633235.0,9814940844032.0,34.838,1879.596,44.013,1109.23,168.151,2181.652,,5441.001
1994,Stany Zjednoczone,265474811.0,10211205054464.0,36.31,1894.402,44.409,1137.428,215.143,2227.062,,5579.422
1995,Stany Zjednoczone,268205794.0,10488856444928.0,37.075,1913.401,42.757,1186.511,100.21,2217.904,,5525.469
1996,Stany Zjednoczone,270860696.0,10886951469056.0,37.309,1993.564,41.299,1206.587,79.752,2305.301,,5692.734
1997,Stany Zjednoczone,273468014.0,11375561670656.0,38.561,2038.751,41.419,1214.128,97.154,2326.338,,5785.296
1998,Stany Zjednoczone,276119323.0,11881793191936.0,39.461,2062.838,39.022,1191.097,114.832,2370.915,,5848.113
1999,Stany Zjednoczone,278785482.0,12438444441600.0,40.239,2063.366,38.8,1197.931,151.49,2433.46,,5955.408
2000,Stany Zjednoczone,281484127.0,12947416940544.0,41.445,2163.591,38.915,1251.388,140.489,2487.84,,6150.625
2001,Stany Zjednoczone,284279629.0,13073809145856.0,41.613,2099.728,38.696,1198.855,45.569,2502.249,,5953.309
2002,Stany Zjednoczone,287084336.0,13307342749696.0,43.164,2103.809,38.893,1237.821,2.571,2495.708,,5948.879
2003,Stany Zjednoczone,289908091.0,13680911581184.0,43.349,2144.086,38.567,1201.066,58.45,2557.332,,6068.596
2004,Stany Zjednoczone,292786247.0,14198910222336.0,45.886,2164.412,39.12,1204.871,-6.352,2630.811,,6106.302
2005,Stany Zjednoczone,295716665.0,14673826021376.0,46.194,2188.337,39.43,1186.902,45.779,2642.556,,6177.962
2006,Stany Zjednoczone,298730210.0,15065164021760.0,46.851,2152.56,40.037,1173.252,-39.555,2609.566,,6013.131
2007,Stany Zjednoczone,301844227.0,15333184241664.0,45.509,2175.033,40.463,1247.321,-58.275,2592.442,,6071.847
2008,Stany Zjednoczone,304970328.0,15288553701376.0,41.416,2135.89,42.054,1252.606,-9.6,2414.717,,5905.519
2009,Stany Zjednoczone,308023451.0,14864003104768.0,29.615,1872.386,41.082,1231.696,-69.884,2280.318,,5410.841
2010,Stany Zjednoczone,311062786.0,15239587299328.0,31.449,1982.954,43.407,1290.495,-13.976,2300.574,,5665.739
2011,Stany Zjednoczone,314105078.0,15477885632512.0,32.208,1873.284,47.863,1310.707,-93.368,2252.414,,5452.748
2012,Stany Zjednoczone,317115348.0,15830887694336.0,35.27,1658.491,51.515,1372.072,17.831,2196.025,,5361.917
2013,Stany Zjednoczone,320110753.0,16122472562688.0,36.369,1720.408,57.423,1410.482,-38.197,2224.627,,5441.96
2014,Stany Zjednoczone,323115378.0,16491318607872.0,39.439,1710.594,63.124,1435.209,56.012,2247.931,,5584.693
2015,Stany Zjednoczone,326126498.0,16937634496512.0,39.907,1479.145,64.372,1476.136,33.314,2285.676,,5409.788
2016,Stany Zjednoczone,329179421.0,17220065296384.0,39.439,1347.943,55.139,1481.873,75.346,2299.961,,5328.277
2017,Stany Zjednoczone,332204656.0,17606123716608.0,40.324,1308.716,59.486,1460.656,126.097,2315.177,,5338.259
2018,Stany Zjednoczone,335056495.0,18124692783104.0,38.971,1256.631,72.066,1619.275,73.101,2366.168,,5450.898
2019,Stany Zjednoczone,337790068.0,18540551733248.0,40.896,1071.666,88.437,1675.471,58.163,2360.999,,5320.308
2020,Stany Zjednoczone,339436157.0,18027359764480.0,40.688,877.92,67.749,1656.255,57.984,2047.544,,4772.611
2021,Stany Zjednoczone,340161441.0,19099377729536.0,41.312,1004.759,63.294,1659.128,93.629,2238.883,,5125.842
2022,Stany Zjednoczone,341534041.0,19493170446336.0,41.418,942.357,63.294,1748.499,102.273,2258.467,,5181.144
2023,Stany Zjednoczone,343477332.0,,39.714,776.767,63.294,1755.923,115.708,2250.856,,5027.1
1950,Chiny,544044354.0,436905181184.0,0.587,77.615,0.0,0.015,1019.829,0.619,,1098.665
1951,Chiny,553758251.0,529605984256.0,1.036,100.133,0.0,0.007,1302.581,0.938,,1404.696
1952,Chiny,565131436.0,595648774144.0,1.203,125.444,0.0,0.015,951.299,1.337,,1079.298
1953,Chiny,577557142.0,672668254208.0,1.615,130.237,0.0,0.022,871.899,1.909,,1005.682
1954,Chiny,590113861.0,624480223232.0,1.915,155.592,0.0,0.029,1146.845,3.341,,1307.723
1955,Chiny,603547012.0,681084911616.0,1.873,183.196,0.0,0.033,1083.085,5.419,,1273.607
1956,Chiny,616558585.0,738921938944.0,2.66,205.023,0.0,0.048,907.483,8.094,,1123.307
1957,Chiny,630356210.0,761702580224.0,2.855,243.81,0.0,0.132,860.804,8.988,,1116.589
1958,Chiny,644219484.0,766244683776.0,3.871,508.175,0.0,0.213,571.349,12.359,,1095.966
1959,Chiny,652708210.0,743927578624.0,5.107,695.438,0.0,0.557,563.001,19.049,,1283.153
1960,Chiny,654802066.0,705092976640.0,6.514,748.376,0.0,1.993,415.408,22.992,,1214.208
1961,Chiny,655773482.0,577128431616.0,2.585,522.475,0.0,2.818,925.886,22.336,,1496.516
1962,Chiny,665073692.0,616502984704.0,2.497,411.925,0.0,2.323,1004.528,21.764,,1464.146
1963,Chiny,684552645.0,705534361600.0,3.355,406.129,0.0,1.957,1131.577,23.27,,1588.357
1964,Chiny,704798265.0,804504993792.0,5.032,401.574,0.0,2.03,985.408,27.729,,1446.046
1965,Chiny,723415737.0,896126812160.0,6.801,432.993,0.0,2.11,1296.384,34.999,,1796.671
1966,Chiny,742402209.0,927339380736.0,8.387,469.765,0.0,2.568,1018.548,44.547,,1568.007
1967,Chiny,761026025.0,933378392064.0,6.085,383.599,0.0,2.799,725.666,42.499,,1185.892
1968,Chiny,781011031.0,912372793344.0,5.253,412.72,0.0,2.686,829.678,48.651,,1325.184
1969,Chiny,802140343.0,1006175649792.0,7.613,501.177,0.0,3.759,1525.044,66.85,,2132.728
1970,Chiny,823308968.0,1144004411392.0,10.718,665.866,0.0,5.503,1281.535,94.645,,2089.488
1971,Chiny,844069870.0,1216237928448.0,13.124,736.424,0.791,7.174,830.357,120.091,,1739.566
1972,Chiny,863677811.0,1233564991488.0,14.717,770.722,1.022,9.281,1494.733,138.328,,2463.378
1973,Chiny,882576941.0,1334375219200.0,15.456,783.741,1.264,11.468,1357.782,158.819,,2366.074
1974,Chiny,900307583.0,1367631724544.0,15.34,776.101,1.634,14.44,1328.48,182.573,,2356.58
1975,Chiny,916116795.0,1460733607936.0,19.102,906.638,1.905,16.972,1157.399,204.191,,2340.614
1976,Chiny,930372293.0,1413710479360.0,19.253,910.39,1.905,19.368,976.502,238.985,,2202.924
1977,Chiny,943546379.0,1493489287168.0,22.906,998.609,2.18,23.237,1548.606,257.484,,2889.437
1978,Chiny,956161484.0,1667551723520.0,26.81,1117.447,2.737,26.286,1808.134,281.992,,3300.912
1979,Chiny,969288069.0,1801380298752.0,30.32,1147.547,3.063,27.777,1087.251,278.427,,2612.912
1980,Chiny,983163545.0,1893783568384.0,32.712,1122.664,3.012,27.319,1059.519,273.202,,2554.015
1981,Chiny,997721068.0,1949955260416.0,33.903,1125.005,2.689,24.388,990.131,256.374,,2466.619
1982,Chiny,1013588169.0,2128598007808.0,38.87,1248.856,2.524,22.9,944.924,257.81,,2551.509
1983,Chiny,1029064952.0,2278862356480.0,44.126,1321.843,2.671,23.439,894.568,263.771,,2588.784
1984,Chiny,1043849645.0,2534000295936.0,50.066,1454.198,3.213,24.226,854.27,271.451,,2699.098
1985,Chiny,1059807821.0,2752673742848.0,59.301,1584.511,0.0,24.82,772.381,284.594,,2770.464
1986,Chiny,1077233612.0,2931539050496.0,67.362,1657.391,0.0,26.352,751.232,303.068,,2855.446
1987,Chiny,1096217446.0,3177306390528.0,75.429,1770.269,0.0,26.601,716.801,321.523,,2974.54
1988,Chiny,1115244161.0,3354463305728.0,84.961,1892.698,0.0,27.311,728.904,343.13,,3154.798
1989,Chiny,1133991005.0,3380560265216.0,84.886,1920.239,0.0,28.821,751.898,354.441,,3215.552
1990,Chiny,1153582718.0,3385121832960.0,84.513,1976.684,0.0,29.301,767.544,330.291,,3252.399
1991,Chiny,1170788527.0,3508947910656.0,101.305,2049.92,0.0,30.778,724.205,356.027,,3330.301
1992,Chiny,1184574240.0,3755037425664.0,122.445,2114.715,0.0,30.239,798.208,385.793,,3528.996
1993,Chiny,1197308569.0,4126169366528.0,142.774,2228.745,0.0,35.728,781.084,428.549,,3702.735
1994,Chiny,1209003100.0,4438753280000.0,164.377,2380.586,3.737,41.568,893.608,423.712,,3997.346
1995,Chiny,1220133927.0,4810000039936.0,184.637,2569.754,3.728,42.436,798.716,468.23,,4160.354
1996,Chiny,1230944812.0,5127589593088.0,192.853,2660.401,5.584,44.47,835.042,510.622,,4343.86
1997,Chiny,1241139619.0,5291339415552.0,202.874,2609.556,5.425,44.159,868.73,557.961,,4384.325
1998,Chiny,1250847121.0,5338703069184.0,211.369,2444.771,4.132,50.501,851.683,559.262,,4216.271
1999,Chiny,1260176650.0,5578502963200.0,228.322,2580.992,4.433,54.572,782.355,596.751,,4339.629
2000,Chiny,1269581164.0,5952682590208.0,244.388,2601.762,4.737,59.796,610.168,648.686,,4259.395
2001,Chiny,1278725057.0,6329737412608.0,270.828,2637.651,4.783,67.157,492.668,659.3,,4221.178
2002,Chiny,1286866839.0,6814493573120.0,282.688,3018.637,4.486,53.993,385.644,653.086,,4488.691
2003,Chiny,1294517315.0,7248623435776.0,353.679,3601.712,5.18,60.745,351.397,727.099,,5192.516
2004,Chiny,1302100319.0,7830953263104.0,368.396,3835.288,5.192,71.521,362.403,839.093,,5579.754
2005,Chiny,1310027138.0,8602939555840.0,411.649,4424.353,5.588,84.957,325.656,850.173,,6207.762
2006,Chiny,1318054037.0,9489543593984.0,470.087,4905.367,5.534,103.753,329.761,898.534,,6824.091
2007,Chiny,1325813580.0,10358205972480.0,514.981,5289.875,4.965,129.515,311.211,927.351,,7294.759
2008,Chiny,1333821009.0,10799147909120.0,525.924,5729.473,4.666,149.674,313.299,970.118,,7814.796
2009,Chiny,1342522709.0,11572544012288.0,583.56,6028.489,4.557,164.404,320.857,982.348,,8211.936
2010,Chiny,1351561511.0,12858808074240.0,639.592,6568.743,3.974,199.585,-41.239,1092.571,,8579.337
2011,Chiny,1360250657.0,13691527364608.0,708.564,7309.709,3.853,245.99,17.009,1123.859,,9549.341
2012,Chiny,1369520865.0,14773157625856.0,714.782,7464.744,3.733,277.599,16.146,1176.712,,9795.438
2013,Chiny,1379008046.0,15925464006656.0,748.323,7493.408,3.632,320.127,17.266,1234.621,,9973.596
2014,Chiny,1387951973.0,17103948087296.0,770.284,7424.993,3.93,370.222,-130.691,1255.605,,9859.565
2015,Chiny,1396134164.0,18301224747008.0,718.559,7266.92,3.901,380.052,-34.488,1328.805,,9828.97
2016,Chiny,1404052626.0,19545710395392.0,740.776,7071.355,3.09,421.726,-143.776,1357.838,,9618.938
2017,Chiny,1412354742.0,20894363680768.0,753.439,7163.255,2.969,486.359,-179.566,1430.587,,9826.776
2018,Chiny,1419008963.0,22294286041088.0,765.836,7316.367,3.408,575.369,-176.319,1500.474,,10156.673
2019,Chiny,1423520354.0,23631939764224.0,819.965,7523.024,3.839,630.171,-225.761,1559.728,,10488.223
2020,Chiny,1426106083.0,24151844716544.0,849.976,7679.484,5.17,676.473,-252.038,1523.052,,10653.655
2021,Chiny,1426437276.0,26180600201216.0,843.777,8141.342,4.812,765.333,-278.678,1521.11,,11169.235
2022,Chiny,1425179562.0,26966017179648.0,756.02,8168.899,4.678,760.059,-286.079,1489.342,,11064.459
2023,Chiny,1422584937.0,,718.017,8550.844,4.494,814.783,-296.574,1642.827,,11605.929
1950,Rosja,103392365.0,337495949312.0,3.203,329.785,0.0,7.932,172.889,74.14,,587.95
1951,Rosja,104844658.0,357746835456.0,3.776,357.49,0.0,8.585,305.134,79.981,,754.967
1952,Rosja,106326385.0,388546134016.0,4.292,378.453,0.0,8.74,378.318,90.216,,860.019
1953,Rosja,107851683.0,413093789696.0,4.854,395.87,0.0,9.381,478.496,99.507,,988.108
1954,Rosja,109463247.0,448712376320.0,5.769,430.168,0.0,10.245,589.321,110.392,,1145.896
1955,Rosja,111160997.0,479242190848.0,6.824,483.342,0.0,12.267,669.551,128.668,,1300.652
1956,Rosja,112909102.0,520877113344.0,7.538,518.653,0.0,16.52,735.047,149.231,,1426.989
1957,Rosja,114730333.0,555636948992.0,8.754,554.32,0.0,25.726,795.386,168.4,,1552.587
1958,Rosja,116588765.0,594634014720.0,10.081,571.906,0.0,38.193,635.584,188.044,,1443.808
1959,Rosja,118293890.0,628321091584.0,11.728,584.273,0.0,48.555,1218.364,205.183,,2068.103
1960,Rosja,119934143.0,664792989696.0,13.752,585.452,0.0,61.665,761.538,223.832,,1646.24
1961,Rosja,121604309.0,712659173376.0,15.351,575.213,0.0,79.863,888.604,241.945,,1800.977
1962,Rosja,123111720.0,765404315648.0,17.286,571.186,0.0,99.131,540.436,269.987,,1498.025
1963,Rosja,124449752.0,795991080960.0,18.382,592.184,0.0,121.251,491.303,295.157,,1518.277
1964,Rosja,125630155.0,847772254208.0,19.544,609.542,0.0,147.216,440.471,315.912,,1532.684
1965,Rosja,126634209.0,894393909248.0,21.768,630.075,0.0,170.229,431.053,336.566,,1589.692
1966,Rosja,127533631.0,957776855040.0,24.033,651.286,0.0,188.619,413.906,359.643,,1637.487
1967,Rosja,128342646.0,1018164346880.0,25.441,656.027,0.0,206.293,420.895,391.679,,1700.334
1968,Rosja,129065047.0,1081402654720.0,26.244,648.753,0.0,223.343,430.399,417.056,,1745.795
1969,Rosja,129762192.0,1109530247168.0,26.905,657.706,0.0,238.847,407.717,446.44,,1777.616
1970,Rosja,130367189.0,1202686787584.0,28.511,702.835,0.0,221.795,575.29,487.633,,2016.063
1971,Rosja,130987109.0,1253060902912.0,29.732,716.493,13.181,250.638,380.073,518.91,,1909.027
1972,Rosja,131726417.0,1289356574720.0,30.598,738.373,12.604,263.591,346.044,563.489,,1954.699
1973,Rosja,132475153.0,1390779301888.0,31.799,745.921,14.985,278.547,437.72,605.342,,2114.313
1974,Rosja,133259154.0,1440623099904.0,33.098,747.388,16.44,295.138,376.281,648.372,,2116.718
1975,Rosja,134136099.0,1499251212288.0,34.726,769.572,18.251,321.877,329.839,685.026,,2159.29
1976,Rosja,135080691.0,1545586606080.0,35.141,789.717,20.254,353.686,397.12,701.113,,2297.031
1977,Rosja,136040973.0,1593194971136.0,35.725,802.148,21.858,379.119,404.78,725.683,,2369.314
1978,Rosja,136979086.0,1623481384960.0,35.483,797.389,23.484,397.568,403.417,778.078,,2435.419
1979,Rosja,137816542.0,1639588429824.0,34.176,797.952,12.728,422.814,331.451,781.185,,2380.306
1980,Rosja,138572628.0,1696830062592.0,34.527,840.963,12.77,441.376,483.707,799.832,,2613.175
1981,Rosja,139351496.0,1717132197888.0,34.801,761.391,12.674,472.646,396.14,807.411,,2485.063
1982,Rosja,140247744.0,1727461064704.0,33.545,771.454,12.608,500.028,328.891,810.67,,2457.196
1983,Rosja,141331277.0,1761922514944.0,34.445,765.431,12.398,536.445,356.236,809.773,,2514.728
1984,Rosja,142464237.0,1769234759680.0,34.661,760.126,12.21,580.162,363.661,790.501,,2541.32
1985,Rosja,143569388.0,1795626500096.0,34.497,866.02,13.02,636.963,358.032,798.035,,2706.567
1986,Rosja,144807816.0,1840205266944.0,35.353,893.978,11.393,603.894,352.382,804.309,,2701.31
1987,Rosja,146147382.0,1838644461568.0,35.642,900.889,10.45,701.871,369.05,709.069,,2726.97
1988,Rosja,147364493.0,1868131598336.0,35.871,916.013,22.982,750.139,379.132,711.931,,2816.067
1989,Rosja,148281863.0,1881091604480.0,35.794,882.512,22.41,749.211,290.563,714.899,,2695.388
1990,Rosja,148979538.0,1834865131520.0,34.609,754.207,33.222,788.193,315.962,888.24,,2852.21
1991,Rosja,149448434.0,1782589423616.0,32.837,705.395,33.629,754.959,298.399,844.452,,2705.155
1992,Rosja,148915993.0,1557839216640.0,26.717,521.601,27.375,774.35,186.755,585.385,,2153.259
1993,Rosja,148135419.0,1453307985920.0,21.995,507.516,22.063,781.669,75.205,509.992,,1941.934
1994,Rosja,148200736.0,1297672699904.0,16.475,454.67,18.667,732.937,101.053,406.8,,1748.718
1995,Rosja,148291405.0,1274033471488.0,16.646,479.041,19.977,699.582,-5.101,386.793,,1614.626
1996,Rosja,148084580.0,1256336523264.0,12.723,477.466,20.154,699.775,483.438,361.332,,2070.26
1997,Rosja,147853772.0,1303661510656.0,12.273,411.997,21.843,669.233,75.854,352.956,,1558.098
1998,Rosja,147635542.0,1263722561536.0,11.923,400.631,21.849,673.399,2.436,345.571,,1467.69
1999,Rosja,147241973.0,1375023529984.0,13.173,407.464,23.633,686.577,52.345,350.395,,1546.524
2000,Rosja,146717784.0,1547057496064.0,15.113,427.01,23.764,681.631,-6.453,317.516,,1472.69
2001,Rosja,146117290.0,1662886739968.0,15.863,445.476,24.348,693.223,-73.673,323.3,,1441.974
2002,Rosja,145939502.0,1781424717824.0,17.116,424.116,34.816,702.703,-91.299,314.772,,1415.489
2003,Rosja,145794231.0,1955876044800.0,18.666,425.963,34.543,735.376,-22.494,308.711,,1514.525
2004,Rosja,145180094.0,2143914688512.0,20.915,416.376,39.638,743.405,19.882,309.318,,1563.839
2005,Rosja,144597888.0,2331247116288.0,22.256,417.916,41.53,746.183,-34.582,320.02,,1527.995
2006,Rosja,144102949.0,2576148332544.0,24.545,437.859,42.157,766.955,44.416,335.529,,1667.418
2007,Rosja,143859769.0,2858759225344.0,27.645,423.047,50.868,779.354,54.362,326.463,,1678.144
2008,Rosja,143811835.0,3078094323712.0,23.625,451.93,36.625,779.724,61.027,343.698,,1713.092
2009,Rosja,143869130.0,2903690444800.0,19.746,419.075,38.288,732.688,193.348,323.009,,1738.382
2010,Rosja,143934468.0,3105249296384.0,22.723,419.276,47.87,794.593,395.009,333.87,,2027.792
2011,Rosja,144043751.0,3306765942784.0,25.129,430.352,51.561,817.72,77.669,346.176,,1763.578
2012,Rosja,144291024.0,3439833120768.0,26.332,445.326,52.928,807.072,376.653,353.791,,2077.921
2013,Rosja,144604102.0,3500216680448.0,27.281,408.194,48.828,782.85,238.872,357.04,,1879.309
2014,Rosja,144925638.0,3525987794944.0,26.453,397.222,38.466,775.338,106.93,385.79,,1746.89
2015,Rosja,145307611.0,3456429719552.0,23.171,417.405,33.023,739.506,399.949,408.673,,2038.625
2016,Rosja,145778669.0,3463124090880.0,20.432,405.877,36.218,753.005,411.833,403.595,,2046.718
2017,Rosja,146186800.0,3526353747968.0,20.512,389.27,41.926,780.664,377.208,417.49,,2043.329
2018,Rosja,146430147.0,3625347448832.0,20.091,401.062,49.438,828.859,372.468,395.445,,2084.962
2019,Rosja,146533063.0,3705035816960.0,20.306,395.101,62.655,807.388,218.801,402.824,,1923.832
2020,Rosja,146371293.0,3606716612608.0,20.581,367.669,59.115,784.291,306.398,384.939,,1939.328
2021,Rosja,145836172.0,3809571241984.0,22.158,382.146,60.216,854.064,335.347,376.578,,2047.341
2022,Rosja,145579890.0,3731440795648.0,22.48,428.488,60.216,887.432,402.283,386.742,,2204.473
2023,Rosja,145440504.0,,23.224,427.636,60.216,897.26,400.788,390.757,,2216.713
1950,Brazylia,53408551.0,119498719232.0,0.687,6.383,0.007,0.004,680.558,12.579,,700.217
1951,Brazylia,55018849.0,125334814720.0,0.72,6.276,0.015,0.004,763.32,14.645,,784.98
1952,Brazylia,56694871.0,134544285696.0,0.799,6.008,0.015,0.004,812.227,18.108,,837.161
1953,Brazylia,58433756.0,140888047616.0,1.003,5.62,0.051,0.007,846.222,18.537,,871.441
1954,Brazylia,60235123.0,151832723456.0,1.236,5.752,0.125,0.015,881.484,22.549,,911.16
1955,Brazylia,62101394.0,165244239872.0,1.37,5.862,0.121,0.015,902.561,26.656,,936.585
1956,Brazylia,64033997.0,170024681472.0,1.617,5.071,0.165,0.018,933.805,29.737,,970.413
1957,Brazylia,66031498.0,183084417024.0,1.679,5.027,0.18,0.033,956.272,29.056,,992.246
1958,Brazylia,68092148.0,202937286656.0,1.872,3.95,0.311,0.066,986.254,32.855,,1025.308
1959,Brazylia,70214470.0,222726635520.0,1.897,4.107,0.447,0.092,1020.95,32.474,,1059.967
1960,Brazylia,72388123.0,243618988032.0,2.21,4.965,0.546,0.114,1074.96,39.018,,1121.812
1961,Brazylia,74605442.0,264690925568.0,2.321,4.679,0.55,0.114,1120.992,41.472,,1170.128
1962,Brazylia,76865320.0,282182189056.0,2.489,5.668,0.52,0.11,1162.811,44.826,,1216.424
1963,Brazylia,79164239.0,283741028352.0,2.534,5.419,0.495,0.165,1183.874,46.91,,1239.397
1964,Brazylia,81488598.0,293385633792.0,2.74,6.17,0.557,0.161,1200.179,46.999,,1256.805
1965,Brazylia,83817586.0,300547047424.0,2.726,6.944,0.649,0.194,1207.243,45.766,,1263.522
1966,Brazylia,86139354.0,320583729152.0,2.922,8.365,0.773,0.245,1226.962,51.857,,1291.125
1967,Brazylia,88446120.0,334149091328.0,3.085,8.123,0.843,0.256,1210.951,53.725,,1276.984
1968,Brazylia,90741242.0,366804795392.0,3.493,8.533,0.989,0.231,1224.654,63.978,,1301.878
1969,Brazylia,93045769.0,401601724416.0,3.741,9.416,1.275,0.234,1215.327,69.422,,1299.415
1970,Brazylia,95375656.0,443496726528.0,4.288,8.904,1.887,0.154,1246.819,78.255,,1340.308
1971,Brazylia,97739280.0,493683376128.0,4.669,8.984,1.381,0.249,1221.456,87.053,,1323.793
1972,Brazylia,100146796.0,552789540864.0,5.422,9.373,1.224,0.275,1248.272,97.726,,1362.291
1973,Brazylia,102600971.0,629980135424.0,6.382,9.01,0.927,0.377,1250.405,115.365,,1382.466
1974,Brazylia,105089675.0,681263693824.0,7.107,9.541,0.839,0.692,1262.908,124.836,,1405.924
1975,Brazylia,107619568.0,716641599488.0,7.973,11.062,0.806,0.78,1291.285,129.706,,1441.611
1976,Brazylia,110213352.0,790037659648.0,9.121,11.52,0.843,0.916,1319.929,132.208,,1474.536
1977,Brazylia,112875286.0,828975480832.0,10.062,15.055,0.821,1.132,1346.637,135.293,,1509.0
1978,Brazylia,115600942.0,870261981184.0,11.438,17.708,1.019,1.484,1385.15,145.469,,1562.267
1979,Brazylia,118380820.0,929101316096.0,12.014,18.463,1.154,1.63,1423.506,154.526,,1611.293
1980,Brazylia,121207450.0,1014791995392.0,12.803,19.987,1.308,1.883,1487.49,150.21,,1673.681
1981,Brazylia,124063113.0,971272355840.0,12.64,19.723,1.748,1.685,1486.089,135.528,,1657.413
1982,Brazylia,126923156.0,978935414784.0,12.244,21.552,2.129,2.382,1549.507,133.194,,1721.007
1983,Brazylia,129790082.0,950507864064.0,9.803,23.926,3.052,3.378,1524.597,125.74,,1690.497
1984,Brazylia,132658862.0,1001891233792.0,8.737,28.997,3.602,4.17,1946.298,122.062,,2113.866
1985,Brazylia,135515593.0,1080097308672.0,9.281,34.871,3.448,4.994,1398.428,127.517,,1578.538
1986,Brazylia,138336371.0,1160963031040.0,11.122,35.123,2.631,5.987,1561.085,142.376,,1758.324
1987,Brazylia,141104946.0,1201712922624.0,11.299,40.234,2.253,6.639,1525.476,145.541,,1731.443
1988,Brazylia,143826358.0,1200534716416.0,11.125,39.776,2.301,6.841,1477.138,147.652,,1684.833
1989,Brazylia,146502977.0,1238775496704.0,11.141,39.93,2.114,7.306,1431.484,151.58,,1643.555
1990,Brazylia,149143224.0,1185475198976.0,11.062,37.095,7.554,7.484,1465.446,151.775,,1684.104
1991,Brazylia,151724253.0,1213090103296.0,11.776,42.466,7.361,7.336,1462.714,156.7,,1692.108
1992,Brazylia,154275077.0,1221828542464.0,9.77,41.203,7.445,7.983,1544.537,163.252,,1778.138
1993,Brazylia,156794574.0,1298220843008.0,10.164,42.343,7.576,8.73,1454.102,171.252,,1698.408
1994,Brazylia,159265011.0,1391783968768.0,10.086,43.667,8.004,8.985,1843.897,179.162,,2097.899
1995,Brazylia,161735079.0,1468835168256.0,11.528,45.582,7.514,9.603,1776.839,190.347,,2045.516
1996,Brazylia,164202549.0,1520364945408.0,13.884,46.468,7.821,10.608,1689.708,206.281,,1979.019
1997,Brazylia,166661663.0,1591956078592.0,15.267,47.044,8.604,11.863,1781.997,219.833,,2088.946
1998,Brazylia,169159651.0,1617675812864.0,16.175,45.591,9.463,12.411,2020.53,229.578,,2337.889
1999,Brazylia,171641544.0,1645888012288.0,16.439,46.805,10.123,14.069,2052.486,235.468,,2379.742
2000,Brazylia,174018276.0,1739727962112.0,16.047,50.46,10.737,18.442,1853.493,239.488,,2193.676
2001,Brazylia,176301200.0,1785513115648.0,15.227,49.427,11.721,23.186,1748.738,241.795,,2094.904
2002,Brazylia,178503483.0,1861742362624.0,14.39,48.689,11.218,29.293,1894.475,239.219,,2242.24
2003,Brazylia,180622688.0,1904932683776.0,13.096,51.933,11.199,30.919,2805.237,232.434,,3149.882
2004,Brazylia,182675143.0,2038447996928.0,13.273,53.833,10.84,38.215,2199.537,239.768,,2560.971
2005,Brazylia,184688101.0,2129214439424.0,14.349,50.948,13.877,39.619,1915.187,240.221,,2279.558
2006,Brazylia,186653099.0,2240805339136.0,15.44,50.838,12.882,42.053,1722.686,242.249,,2091.557
2007,Brazylia,188552310.0,2405626806272.0,17.2,54.989,13.469,43.246,1515.936,256.003,,1906.509
2008,Brazylia,190367297.0,2559842713600.0,18.884,55.315,14.207,51.303,1346.411,267.239,,1759.048
2009,Brazylia,192079956.0,2589568270336.0,19.031,43.586,18.434,40.959,1130.222,262.705,,1519.997
2010,Brazylia,193701931.0,2820492492800.0,21.288,56.688,15.214,55.049,1002.99,286.08,,1443.259
2011,Brazylia,195284736.0,2968454955008.0,22.845,62.292,14.12,53.101,1000.087,303.885,,1462.667
2012,Brazylia,196876114.0,3025484382208.0,24.998,61.016,14.761,63.397,1149.652,327.734,,1647.961
2013,Brazylia,198478291.0,3116394610688.0,26.652,65.604,16.634,74.704,1212.565,342.338,,1744.983
2014,Brazylia,200085126.0,3132099919872.0,26.908,69.034,17.642,81.286,1231.391,356.753,,1789.292
2015,Brazylia,201675534.0,3021043138560.0,25.082,69.452,17.604,80.465,1248.695,330.359,,1778.048
2016,Brazylia,203218108.0,2922076176384.0,22.415,63.831,17.505,69.666,1149.545,312.939,,1642.293
2017,Brazylia,204703440.0,2960731668480.0,20.217,67.322,17.505,70.688,1023.874,316.143,,1522.14
2018,Brazylia,206107265.0,3013541101568.0,20.494,65.841,17.505,67.417,1059.375,300.73,,1537.755
2019,Brazylia,207455459.0,3050327244800.0,21.048,61.888,17.505,67.121,1119.91,299.436,,1593.3
2020,Brazylia,208660845.0,2950377504768.0,23.366,56.241,17.505,59.026,1239.238,282.678,,1684.446
2021,Brazylia,209550291.0,3097565331456.0,24.488,68.23,17.505,75.974,1481.575,305.428,,1979.592
2022,Brazylia,210306411.0,3187413090304.0,23.845,56.078,17.505,60.085,1327.711,319.935,,1811.552
2023,Brazylia,211140731.0,,24.963,54.848,17.505,56.329,1302.346,326.432,,1788.816
1950,Indie,346278817.0,354332999680.0,1.354,52.56,0.0,0.0,655.664,7.189,,716.767
1951,Indie,353870058.0,362445012992.0,1.658,54.512,0.0,0.0,695.021,7.852,,759.044
1952,Indie,361874904.0,373116010496.0,1.834,58.03,0.0,0.0,720.775,7.562,,788.201
1953,Indie,370104571.0,396813008896.0,1.958,59.067,0.0,0.0,736.975,7.68,,805.679
1954,Indie,378687141.0,413406003200.0,2.281,60.592,0.0,0.0,753.689,9.541,,826.103
1955,Indie,387700891.0,423653998592.0,2.326,63.711,0.0,0.0,760.474,12.751,,839.262
1956,Indie,396988906.0,447916998656.0,2.554,65.157,0.0,0.0,769.966,13.945,,851.622
1957,Indie,406253895.0,443355987968.0,2.903,72.838,0.0,0.0,776.174,15.894,,867.809
1958,Indie,415777437.0,476938010624.0,3.154,75.819,0.0,0.0,786.325,16.843,,882.14
1959,Indie,425780669.0,486917996544.0,3.537,79.523,0.0,0.0,790.917,18.387,,892.365
1960,Indie,435990344.0,520800010240.0,4.002,87.878,0.0,0.0,479.346,19.445,,590.671
1961,Indie,446564730.0,536351997952.0,4.205,94.885,0.0,0.004,676.028,21.31,,796.432
1962,Indie,457283092.0,548431986688.0,4.381,103.26,0.044,0.011,398.811,24.885,,531.393
1963,Indie,468138576.0,576287997952.0,4.771,110.42,0.136,0.011,356.946,27.106,,499.39
1964,Indie,479229599.0,620466012160.0,4.944,105.924,0.476,0.022,350.919,28.122,,490.407
1965,Indie,490140141.0,596064993280.0,5.398,116.456,0.751,0.282,323.66,30.815,,477.362
1966,Indie,500740250.0,601424986112.0,5.57,116.984,0.832,0.311,404.931,35.676,,564.305
1967,Indie,511606375.0,650715987968.0,5.821,119.096,1.455,0.487,414.645,32.698,,574.201
1968,Indie,522716894.0,668219998208.0,5.872,123.826,1.37,0.751,262.995,42.25,,437.064
1969,Indie,533880544.0,712563032064.0,6.438,123.368,1.26,0.997,308.65,45.35,,486.064
1970,Indie,545864268.0,748744015872.0,6.495,123.551,1.422,0.923,194.654,49.332,,376.376
1971,Indie,558096383.0,755656032256.0,7.052,126.966,1.418,1.085,234.903,55.443,,426.867
1972,Indie,570482142.0,753543020544.0,7.363,134.377,1.213,1.205,385.194,58.878,,588.23
1973,Indie,583465595.0,788800012288.0,6.921,137.809,1.447,1.169,339.806,61.749,,548.901
1974,Indie,597041392.0,796992012288.0,6.501,145.639,1.726,1.359,303.431,60.628,,519.284
1975,Indie,611309532.0,868009967616.0,7.288,161.338,2.012,1.733,238.777,61.838,,472.986
1976,Indie,625861887.0,878540029952.0,8.279,168.92,1.817,2.294,187.176,63.438,,431.926
1977,Indie,640801105.0,947196002304.0,8.322,177.51,2.092,2.481,398.274,68.557,,657.236
1978,Indie,655728226.0,997920014336.0,8.421,174.689,1.982,2.741,260.696,75.317,,523.845
1979,Indie,671155745.0,947528007680.0,7.752,180.622,2.217,3.03,178.562,82.664,,454.847
1980,Indie,687354031.0,1015104995328.0,7.545,197.337,1.165,2.488,192.71,83.176,,484.421
1981,Indie,703696255.0,1077444018176.0,8.888,210.305,3.177,2.884,225.828,89.713,,540.795
1982,Indie,720313474.0,1111560028160.0,9.676,213.123,3.814,4.36,149.897,94.407,,475.277
1983,Indie,737372685.0,1202349015040.0,10.951,232.519,4.316,5.243,324.573,99.17,,676.772
1984,Indie,754875451.0,1248909983744.0,12.593,231.493,5.199,6.17,194.776,106.105,,556.336
1985,Indie,772647801.0,1298600034304.0,14.39,253.289,5.954,7.2,161.175,116.76,,558.767
1986,Indie,790689978.0,1353105014784.0,16.006,273.171,4.965,10.31,200.861,121.857,,627.171
1987,Indie,808931261.0,1412883939328.0,16.412,291.856,6.628,12.776,131.686,127.671,,587.029
1988,Indie,827342997.0,1560089985024.0,18.229,317.172,7.471,15.206,224.49,133.615,,716.182
1989,Indie,846039530.0,1663727960064.0,20.791,339.625,11.003,18.518,168.188,150.714,,708.839
1990,Indie,864972219.0,1750992945152.0,22.348,366.514,9.871,21.097,173.034,158.167,,751.03
1991,Indie,883927607.0,1768493547520.0,24.503,393.043,7.834,23.563,135.665,166.423,,751.029
1992,Indie,902957072.0,1851711422464.0,25.156,411.414,3.565,27.256,168.781,188.055,,824.228
1993,Indie,922118380.0,1944353767424.0,26.602,433.121,3.701,26.996,132.458,186.879,,809.758
1994,Indie,941163775.0,2055026769920.0,28.54,455.72,1.852,28.997,117.944,198.955,,832.008
1995,Indie,960301048.0,2189535739904.0,31.104,471.723,2.303,39.051,86.259,216.281,,846.72
1996,Indie,979678464.0,2345228828672.0,34.079,504.498,2.136,39.747,163.13,243.16,,986.75
1997,Indie,999133765.0,2426804895744.0,37.418,527.722,2.645,46.024,102.638,244.202,,960.65
1998,Indie,1018665073.0,2567853047808.0,39.026,524.125,2.133,47.595,96.096,262.892,,971.869
1999,Indie,1038225821.0,2710352953344.0,44.592,560.528,2.048,52.619,83.578,300.976,,1044.341
2000,Indie,1057922728.0,2804478640128.0,45.957,572.876,1.973,52.791,191.882,312.847,,1178.326
2001,Indie,1077898572.0,2940745547776.0,46.74,582.081,1.857,53.128,142.343,316.721,,1142.87
2002,Indie,1097600381.0,3024984473600.0,49.111,598.597,1.602,57.609,85.816,325.22,,1117.956
2003,Indie,1116802997.0,3251114344448.0,50.88,625.89,1.787,58.565,107.721,330.615,,1175.458
2004,Indie,1135991510.0,3495022821376.0,55.545,669.968,1.765,58.316,70.471,348.234,,1204.298
2005,Indie,1154676319.0,3752627535872.0,59.687,721.469,1.704,59.357,43.624,352.376,,1238.216
2006,Indie,1172878890.0,4069856116736.0,64.905,773.564,1.741,82.58,38.273,369.694,,1330.758
2007,Indie,1190676028.0,4403214942208.0,68.333,842.477,1.842,87.956,91.74,391.897,,1484.246
2008,Indie,1207930962.0,4649547988992.0,73.245,910.795,1.888,90.277,149.639,413.233,,1639.077
2009,Indie,1225524760.0,4993478819840.0,81.268,983.947,1.879,112.463,82.581,432.66,,1694.797
2010,Indie,1243481564.0,5361371185152.0,86.029,1015.983,1.704,134.121,116.953,439.5,,1794.29
2011,Indie,1261224952.0,5720693014528.0,91.314,1074.385,2.648,136.26,98.028,460.104,,1862.74
2012,Indie,1278674506.0,6052427857920.0,100.237,1206.452,3.592,125.605,159.491,489.814,,2085.191
2013,Indie,1295829506.0,6424470487040.0,107.82,1276.383,3.266,110.689,218.269,496.94,,2213.367
2014,Indie,1312277184.0,6875186200576.0,115.825,1407.057,3.529,109.467,93.789,512.465,,2242.132
2015,Indie,1328024492.0,7391521275904.0,117.508,1449.587,4.137,106.871,133.373,556.117,,2367.592
2016,Indie,1343944293.0,8057466126336.0,123.281,1499.401,3.756,113.622,121.941,614.597,,2476.599
2017,Indie,1359657392.0,8550029459456.0,121.047,1551.256,2.823,118.922,78.562,632.558,,2505.169
2018,Indie,1374659068.0,9173200797696.0,138.965,1668.318,2.49,126.201,104.242,657.084,,2697.3
2019,Indie,1389030303.0,9595463401472.0,143.664,1661.94,2.454,128.676,52.65,676.154,,2665.538
2020,Indie,1402617692.0,8945313775616.0,122.908,1561.799,2.806,127.994,38.998,606.045,,2460.551
2021,Indie,1414203889.0,9801620783104.0,149.033,1767.297,2.772,133.192,12.822,621.928,,2687.043
2022,Indie,1425423212.0,10476248367104.0,164.323,1855.854,2.924,124.009,-8.156,684.057,,2823.01
2023,Indie,1438069597.0,,177.226,2032.012,2.868,132.42,-24.334,717.799,,3037.99
1950,Niemcy,69847777.0,422965084160.0,6.171,496.901,0.0,0.044,-2.824,7.566,,507.858
1951,Niemcy,69782048.0,461743915008.0,6.96,558.774,0.0,0.055,-10.892,11.076,,565.974
1952,Niemcy,69826946.0,501792178176.0,7.465,590.362,0.0,0.099,-18.367,13.055,,592.613
1953,Niemcy,69935116.0,543743705088.0,8.951,597.188,0.0,0.227,-25.624,17.126,,597.868
1954,Niemcy,70104623.0,584376975360.0,9.482,625.474,0.0,0.363,-33.349,24.413,,626.383
1955,Niemcy,70334148.0,648607432704.0,10.594,682.295,0.0,0.729,-39.992,29.88,,683.507
1956,Niemcy,70613899.0,695152345088.0,11.106,715.128,0.0,1.059,-46.726,38.897,,719.465
1957,Niemcy,71088144.0,734905368576.0,11.183,720.17,0.0,1.052,-52.433,45.503,,725.475
1958,Niemcy,71694672.0,767711444992.0,11.488,688.729,0.0,1.037,-59.245,55.125,,697.134
1959,Niemcy,72241715.0,823838441472.0,13.527,670.654,0.0,1.187,-64.276,70.426,,691.518
1960,Niemcy,72811637.0,890209959936.0,14.795,707.214,0.0,1.348,-62.35,90.593,,751.601
1961,Niemcy,73376111.0,926835933184.0,16.023,711.645,0.0,1.48,-59.997,105.691,,774.842
1962,Niemcy,73997001.0,966424920064.0,16.819,732.013,0.0,1.968,-57.477,132.369,,825.691
1963,Niemcy,74698006.0,993706180608.0,17.136,761.687,0.0,2.561,-52.1,164.114,,893.398
1964,Niemcy,75313477.0,1054006837248.0,19.473,755.615,0.0,3.825,-47.106,190.005,,921.811
1965,Niemcy,75966964.0,1107504005120.0,19.88,716.917,0.0,5.536,-46.766,217.77,,913.336
1966,Niemcy,76611028.0,1140349075456.0,20.356,680.103,0.0,6.679,-47.557,244.283,,903.865
1967,Niemcy,76970793.0,1143923146752.0,19.211,653.866,0.0,8.775,-46.948,254.377,,889.282
1968,Niemcy,77321278.0,1204136574976.0,20.261,659.625,0.0,14.466,-45.352,290.439,,939.439
1969,Niemcy,77944023.0,1283751411712.0,21.003,686.183,0.0,20.621,-46.886,324.194,,1005.115
1970,Niemcy,78205102.0,1343859851264.0,22.889,603.234,0.0,29.766,-45.261,370.134,,980.761
1971,Niemcy,78345873.0,1383509131264.0,24.24,588.132,0.0,40.183,-41.453,384.682,,995.784
1972,Niemcy,78719923.0,1440601473024.0,25.245,553.577,0.0,52.651,-40.82,410.007,,1000.661
1973,Niemcy,78966976.0,1505896431616.0,24.322,561.926,0.0,67.751,-39.446,431.74,,1046.292
1974,Niemcy,78996693.0,1518360985600.0,21.957,565.844,0.0,84.495,-37.078,390.431,,1025.649
1975,Niemcy,78701861.0,1510149980160.0,20.847,515.979,0.0,88.812,-34.984,376.809,,967.463
1976,Niemcy,78364503.0,1583048163328.0,21.872,555.972,0.0,93.634,-34.149,419.362,,1056.691
1977,Niemcy,78185560.0,1628636053504.0,21.083,516.648,0.0,98.049,-32.902,416.829,,1019.707
1978,Niemcy,78115357.0,1674283057152.0,21.944,523.741,0.0,105.271,-32.662,428.176,,1046.47
1979,Niemcy,78147899.0,1741603078144.0,22.407,549.173,0.0,114.72,-32.175,431.588,,1085.713
1980,Niemcy,78315374.0,1761467957248.0,20.981,551.176,0.0,115.453,-31.781,412.456,,1068.285
1981,Niemcy,78448044.0,1768196538368.0,19.474,557.749,0.0,110.001,-31.221,361.3,,1017.302
1982,Niemcy,78393671.0,1753143181312.0,18.441,550.813,0.0,102.017,-30.47,344.464,,985.264
1983,Niemcy,78224137.0,1784298602496.0,18.448,553.738,0.0,106.021,-29.652,333.397,,981.953
1984,Niemcy,77998199.0,1834585161728.0,17.492,572.331,0.0,108.531,-28.713,334.89,,1004.531
1985,Niemcy,77863423.0,1874769739776.0,15.989,579.376,0.0,108.532,-27.561,340.222,,1016.557
1986,Niemcy,77923807.0,1916181413888.0,16.331,573.762,0.0,100.551,-27.275,356.828,,1020.197
1987,Niemcy,78062321.0,1945055789056.0,15.796,560.224,1.341,109.547,-24.475,345.535,,1007.967
1988,Niemcy,78385993.0,2009989382144.0,16.056,552.861,1.209,107.637,-24.028,351.26,,1004.997
1989,Niemcy,79007063.0,2075675197440.0,16.72,546.779,0.59,121.909,-21.625,322.795,,987.167
1990,Niemcy,79707964.0,2015547490304.0,15.297,569.117,3.841,122.281,-36.872,333.324,,1017.924
1991,Niemcy,80303189.0,2141316317184.0,13.741,504.043,3.619,130.146,-37.782,355.311,,979.148
1992,Niemcy,80934901.0,2204952428544.0,14.444,454.311,3.54,129.3,-16.263,357.981,,953.202
1993,Niemcy,81486770.0,2206290935808.0,14.531,430.776,3.318,136.252,-12.432,364.629,,946.954
1994,Niemcy,81773612.0,2283952930816.0,15.341,418.185,3.22,142.15,-12.587,353.812,,930.641
1995,Niemcy,82019890.0,2347761139712.0,15.562,406.046,3.06,152.97,-16.421,351.7,,923.512
1996,Niemcy,82263195.0,2391519789056.0,14.811,400.613,3.213,169.956,-16.795,361.057,,942.895
1997,Niemcy,82389631.0,2461046145024.0,15.275,386.864,3.239,162.876,-12.7,353.069,,918.808
1998,Niemcy,82011933.0,2535903723520.0,15.545,377.48,3.168,165.377,-17.098,351.914,,906.401
1999,Niemcy,81678279.0,2613176696832.0,15.771,360.052,3.113,165.627,-18.796,340.846,,876.646
2000,Niemcy,81797255.0,2718560681984.0,15.253,373.461,2.993,166.421,-18.189,330.774,,880.787
2001,Niemcy,81933883.0,2793372909568.0,13.504,376.52,2.97,173.799,-19.448,338.871,,895.807
2002,Niemcy,82068328.0,2822441533440.0,12.823,375.786,2.966,173.61,-14.665,324.413,,884.17
2003,Niemcy,82111619.0,2831676080128.0,13.507,378.305,3.003,176.587,-12.17,313.847,,882.331
2004,Niemcy,82092706.0,2894624980992.0,14.068,374.908,2.928,174.327,-12.196,301.208,,864.374
2005,Niemcy,82046731.0,2945460994048.0,13.05,361.975,2.954,175.904,-14.717,305.188,,853.164
2006,Niemcy,81701971.0,3086359199744.0,13.34,367.653,3.069,180.197,-12.848,313.191,,873.586
2007,Niemcy,81298546.0,3220275724288.0,14.449,376.715,2.989,173.851,-11.846,268.924,,834.271
2008,Niemcy,81110781.0,3289020366848.0,13.579,353.581,2.945,180.995,-12.163,296.43,,844.444
2009,Niemcy,80935275.0,3136502104064.0,12.559,316.28,2.575,168.399,-15.443,282.438,,774.508
2010,Niemcy,80830917.0,3301123031040.0,12.431,341.311,2.582,184.875,-11.451,277.154,,815.229
2011,Niemcy,80857877.0,3467712921600.0,13.393,339.624,2.673,169.399,-13.268,270.809,,791.245
2012,Niemcy,80916393.0,3482225475584.0,13.289,350.039,2.657,167.837,-8.495,271.945,,805.595
2013,Niemcy,81041580.0,3497463119872.0,12.503,357.254,2.689,170.267,-7.06,280.396,,824.683
2014,Niemcy,81376078.0,3574741336064.0,12.905,344.722,2.478,151.986,-4.902,271.602,,787.677
2015,Niemcy,82077546.0,3628073746432.0,12.626,341.117,2.374,157.11,-5.974,278.861,,794.87
2016,Niemcy,82760100.0,3708980035584.0,12.663,329.436,2.344,169.169,-3.641,275.703,,794.372
2017,Niemcy,83104012.0,3808389496832.0,13.408,312.692,2.267,172.045,-4.568,275.505,,780.026
2018,Niemcy,83368506.0,3845758648320.0,13.228,296.871,2.007,169.76,-8.286,269.351,,751.76
2019,Niemcy,83559185.0,3886392803328.0,13.287,240.114,2.037,172.762,-8.881,273.111,,700.946
2020,Niemcy,83628711.0,3742720851968.0,13.357,198.53,1.821,170.963,-7.927,255.645,,640.43
2021,Niemcy,83697082.0,3841041629184.0,13.64,232.149,1.872,181.116,-8.547,241.585,,670.231
2022,Niemcy,84086228.0,3909612732416.0,12.538,240.64,1.835,160.776,-8.638,247.44,,662.833
2023,Niemcy,84548234.0,,10.604,188.477,1.819,155.461,-8.65,231.622,,587.501
1950,Indonezja,68799030.0,105742745600.0,0.0,2.042,0.0,1.191,464.182,6.598,,474.013
1951,Indonezja,70286312.0,113595817984.0,0.051,2.114,0.0,1.506,450.91,5.72,,460.3
1952,Indonezja,71876439.0,119008854016.0,0.069,2.454,0.0,2.051,459.712,8.146,,472.433
1953,Indonezja,73569145.0,125027598336.0,0.073,2.173,0.0,2.624,459.73,8.21,,472.81
1954,Indonezja,75367369.0,132648517632.0,0.073,2.246,0.0,3.037,470.295,9.391,,485.042
1955,Indonezja,77273504.0,136433229824.0,0.073,2.121,0.0,3.664,488.846,14.986,,509.69
1956,Indonezja,79282556.0,138179182592.0,0.073,2.283,0.0,3.924,486.596,15.532,,508.407
1957,Indonezja,81390843.0,147685294080.0,0.124,1.916,0.0,4.162,499.029,16.211,,521.441
1958,Indonezja,83592765.0,142311997440.0,0.149,1.605,0.0,4.005,511.855,16.447,,534.062
1959,Indonezja,85892868.0,148373766144.0,0.171,1.777,0.0,4.28,512.229,17.635,,536.091
1960,Indonezja,88296073.0,154784595968.0,0.193,1.821,0.0,4.667,436.723,14.705,,458.108
1961,Indonezja,90791250.0,164961484800.0,0.222,1.528,0.0,4.928,412.841,19.324,,438.842
1962,Indonezja,93375848.0,164672684032.0,0.251,1.301,0.0,5.192,402.235,16.232,,425.21
1963,Indonezja,96051425.0,158306811904.0,0.164,1.594,0.0,5.371,398.556,15.634,,421.319
1964,Indonezja,98833757.0,164270391296.0,0.218,1.205,0.0,5.243,376.833,15.708,,399.208
1965,Indonezja,101365131.0,165966266368.0,0.182,0.762,0.0,6.057,349.459,17.668,,374.128
1966,Indonezja,103792757.0,165937627136.0,0.167,0.898,0.0,6.071,330.889,16.239,,354.264
1967,Indonezja,106526397.0,162199044096.0,0.174,0.619,0.0,6.123,317.492,17.624,,342.032
1968,Indonezja,109450007.0,177944035328.0,0.204,0.473,0.0,6.309,302.944,20.577,,330.507
1969,Indonezja,112517638.0,199907966976.0,0.265,0.561,0.0,4.998,303.906,27.538,,337.268
1970,Indonezja,115657496.0,220830564352.0,0.273,0.432,3.572,2.301,284.296,29.213,,320.088
1971,Indonezja,118833699.0,233065676800.0,0.241,0.553,3.873,2.711,286.126,31.576,,325.082
1972,Indonezja,122039843.0,259469197312.0,0.298,0.524,5.925,1.997,287.134,34.563,,330.44
1973,Indonezja,125288516.0,297900736512.0,0.367,0.355,6.518,3.144,288.096,38.714,,337.194
1974,Indonezja,128555052.0,313092767744.0,0.421,0.44,7.735,3.272,269.142,39.359,,320.369
1975,Indonezja,131843849.0,313087950848.0,0.548,0.546,6.976,5.108,260.335,40.755,,314.267
1976,Indonezja,135173656.0,340620640256.0,0.926,0.447,8.959,5.643,269.282,45.814,,331.071
1977,Indonezja,138533539.0,367091515392.0,1.372,0.509,17.551,6.625,257.92,56.36,,340.336
1978,Indonezja,141953163.0,383794675712.0,1.92,0.546,20.973,7.87,253.756,62.629,,347.694
1979,Indonezja,145434830.0,404845723648.0,2.46,0.652,21.232,7.383,241.941,63.41,,337.078
1980,Indonezja,148950537.0,439667556352.0,3.068,0.707,12.798,12.164,240.351,66.135,,335.224
1981,Indonezja,152485036.0,469898625024.0,3.652,0.791,12.117,13.399,238.179,70.338,,338.476
1982,Indonezja,156052154.0,452605673472.0,4.0,0.861,10.12,15.517,241.052,75.086,,346.636
1983,Indonezja,159651382.0,470680076288.0,4.391,1.198,8.219,13.649,232.537,77.727,,337.721
1984,Indonezja,163251124.0,503305961472.0,4.783,1.883,7.214,24.388,977.28,74.192,,1089.74
1985,Indonezja,166776182.0,515643146240.0,5.474,3.671,6.852,27.073,972.538,78.527,,1094.135
1986,Indonezja,170175064.0,545914224640.0,5.977,8.057,6.995,22.867,1234.498,78.27,,1356.664
1987,Indonezja,173511158.0,572867018752.0,6.51,8.219,7.116,27.012,970.224,75.023,,1094.102
1988,Indonezja,176855069.0,605642489856.0,6.768,6.914,8.424,23.373,735.566,87.244,,868.287
1989,Indonezja,180201637.0,660041629696.0,7.838,6.28,7.852,24.956,821.101,84.748,,952.774
1990,Indonezja,183501097.0,718548893696.0,7.719,6.947,9.08,44.064,475.097,87.271,,630.178
1991,Indonezja,186778237.0,786440060928.0,9.087,13.52,11.061,43.494,413.415,97.702,,588.28
1992,Indonezja,190043743.0,841780428800.0,9.777,12.509,11.809,52.373,617.147,112.95,,816.565
1993,Indonezja,193305171.0,912702701568.0,10.775,21.31,12.6,57.66,443.358,112.763,,658.467
1994,Indonezja,196591830.0,986200276992.0,12.538,26.648,10.942,60.309,720.548,108.934,,939.92
1995,Indonezja,199888054.0,1072204283904.0,13.312,25.175,9.634,64.574,622.485,109.715,,844.896
1996,Indonezja,203204352.0,1161281404928.0,14.266,27.561,10.939,78.992,662.378,121.308,,915.444
1997,Indonezja,206536090.0,1221454594048.0,16.01,29.389,11.951,82.042,2421.27,140.549,,2701.212
1998,Indonezja,209826791.0,1066065657856.0,13.077,32.075,10.305,48.028,949.954,141.038,,1194.477
1999,Indonezja,213004666.0,1079382507520.0,14.082,37.167,9.0,83.652,991.479,148.101,,1283.48
2000,Indonezja,216077791.0,1138300157952.0,16.446,50.906,8.57,48.592,651.799,156.816,,933.129
2001,Indonezja,219097906.0,1185220919296.0,18.462,64.629,8.704,61.163,587.089,164.07,,904.116
2002,Indonezja,222088499.0,1244249980928.0,18.137,66.665,7.077,59.764,848.21,156.843,,1156.696
2003,Indonezja,225048004.0,1309811277824.0,17.811,89.49,6.947,62.662,582.391,162.447,,921.749
2004,Indonezja,227926647.0,1387446403072.0,19.047,82.216,5.978,61.886,727.352,173.895,,1070.373
2005,Indonezja,230871649.0,1474875359232.0,18.527,94.222,5.663,54.451,652.197,174.754,,999.814
2006,Indonezja,233951650.0,1565012918272.0,19.047,111.641,6.021,57.426,1238.401,152.499,,1585.034
2007,Indonezja,237062339.0,1674227351552.0,19.567,140.066,4.923,57.078,603.941,166.225,,991.799
2008,Indonezja,240157901.0,1809491165184.0,20.542,121.845,4.716,60.313,675.047,158.303,,1040.765
2009,Indonezja,243220024.0,1905717411840.0,19.437,128.274,5.43,64.541,965.864,181.26,,1364.806
2010,Indonezja,246305326.0,2039334567936.0,19.461,152.667,4.274,73.73,811.798,195.674,,1257.605
2011,Indonezja,249470029.0,2178184511488.0,21.1,181.281,5.462,81.553,913.872,211.329,,1414.597
2012,Indonezja,252698526.0,2309530058752.0,23.294,187.171,6.649,80.062,959.509,218.777,,1475.463
2013,Indonezja,255852466.0,2437876809728.0,24.775,164.219,5.899,64.753,944.776,229.408,,1433.831
2014,Indonezja,258877397.0,2559933415424.0,25.534,173.584,5.763,62.416,1158.482,220.593,,1646.372
2015,Indonezja,261799249.0,2684764028928.0,24.558,197.815,5.461,94.253,1503.577,217.063,,2042.726
2016,Indonezja,264627428.0,2819890085888.0,28.71,206.328,5.089,91.185,727.747,208.773,,1267.832
2017,Indonezja,267346655.0,2962852151296.0,28.966,221.093,4.387,84.339,666.585,218.16,,1223.53
2018,Indonezja,269951847.0,3116158943232.0,30.832,262.222,3.946,84.148,656.266,212.953,,1250.367
2019,Indonezja,272489379.0,3272567947264.0,30.156,315.401,3.784,87.91,896.554,216.541,,1550.346
2020,Indonezja,274814864.0,3204972544000.0,26.297,300.518,3.525,81.217,505.24,196.666,,1113.463
2021,Indonezja,276758056.0,3323654569984.0,27.262,303.154,3.149,83.76,436.078,202.298,,1055.7
2022,Indonezja,278830529.0,3500093472768.0,26.843,404.573,3.163,85.931,456.786,216.563,,1193.859
2023,Indonezja,281190068.0,,26.004,399.051,3.58,88.657,555.753,215.932,,1288.977
1950,Kanada,13741739.0,162840739840.0,1.312,96.82,0.0,3.554,360.731,52.448,,514.864
1951,Kanada,14083297.0,172068421632.0,1.334,96.881,0.0,4.082,382.87,60.381,,545.548
1952,Kanada,14482799.0,184612798464.0,1.454,89.849,0.0,4.276,351.799,63.831,,511.208
1953,Kanada,14897875.0,193223622656.0,1.744,82.936,1.271,4.811,396.821,69.845,,557.43
1954,Kanada,15318985.0,191887998976.0,1.759,80.084,0.0,5.947,398.427,75.178,,561.395
1955,Kanada,15728280.0,209810259968.0,1.973,72.214,2.092,7.438,396.159,85.756,,565.632
1956,Kanada,16159621.0,226794209280.0,2.253,78.483,3.32,8.541,418.283,97.206,,608.085
1957,Kanada,16641328.0,233362309120.0,2.711,64.922,4.192,10.864,391.114,100.122,,573.925
1958,Kanada,17104090.0,237535641600.0,2.758,57.265,4.137,13.429,424.568,104.567,,606.724
1959,Kanada,17515523.0,247152361472.0,2.817,53.546,3.155,17.305,423.723,107.659,,608.204
1960,Kanada,17898792.0,254857920512.0,2.595,49.636,3.206,21.537,360.166,115.742,,552.882
1961,Kanada,18263079.0,262380453888.0,2.784,45.595,3.994,22.966,359.16,118.662,,553.161
1962,Kanada,18613596.0,280743772160.0,3.086,47.031,4.609,25.978,352.794,126.287,,559.785
1963,Kanada,18964256.0,294939656192.0,3.144,46.599,4.532,22.365,334.78,134.271,,545.691
1964,Kanada,19321670.0,314154745856.0,3.547,51.919,4.232,34.159,339.983,143.72,,577.56
1965,Kanada,19685519.0,335067021312.0,3.747,54.176,4.21,38.036,366.577,151.748,,618.494
1966,Kanada,20053665.0,356785356800.0,4.001,52.582,4.243,42.422,289.846,155.826,,548.92
1967,Kanada,20408776.0,367635464192.0,3.583,57.316,4.184,45.064,277.773,171.49,,559.41
1968,Kanada,20734171.0,386855305216.0,3.66,60.578,4.294,55.525,265.065,179.205,,568.327
1969,Kanada,21037620.0,407256006656.0,3.7,59.119,4.474,58.298,258.335,181.529,,565.455
1970,Kanada,21440020.0,417751990272.0,3.562,58.815,4.804,62.625,258.883,211.372,,600.06
1971,Kanada,21895693.0,441056624640.0,4.068,55.876,4.547,67.469,252.564,220.327,,604.852
1972,Kanada,22230876.0,464342122496.0,4.477,62.155,4.356,76.485,251.151,233.318,,631.942
1973,Kanada,22512230.0,497617436672.0,4.995,52.014,4.221,81.868,251.229,238.175,,632.502
1974,Kanada,22824083.0,517951848448.0,5.135,48.507,3.536,83.516,235.103,248.922,,624.72
1975,Kanada,23148980.0,529610735616.0,4.933,61.285,2.667,85.914,231.036,241.987,,627.822
1976,Kanada,23455783.0,558634696704.0,4.767,59.1,2.433,98.928,252.468,233.734,,651.43
1977,Kanada,23730341.0,577419673600.0,4.776,65.032,2.327,101.954,250.905,233.701,,658.695
1978,Kanada,23978742.0,600763269120.0,5.113,69.509,2.532,104.551,257.043,233.823,,672.572
1979,Kanada,24237173.0,625737072640.0,5.833,76.028,2.95,112.573,226.859,244.294,,668.536
1980,Kanada,24533779.0,634113622016.0,5.208,81.172,3.133,112.041,275.901,241.294,,718.747
1981,Kanada,24844977.0,653774422016.0,5.034,83.689,2.972,110.026,271.369,227.908,,700.998
1982,Kanada,25140164.0,633852985344.0,4.182,88.445,2.862,110.326,224.486,208.641,,638.941
1983,Kanada,25412604.0,652317687808.0,3.906,93.524,3.067,114.031,229.389,193.811,,637.728
1984,Kanada,25670376.0,689733500928.0,4.276,102.914,4.305,121.231,251.962,192.507,,677.195
1985,Kanada,25927463.0,727013326848.0,5.063,99.763,5.009,125.225,262.174,186.659,,683.892
1986,Kanada,26211035.0,746074603520.0,5.27,92.487,4.741,115.782,254.791,186.428,,659.499
1987,Kanada,26540914.0,776472494080.0,6.259,99.031,4.708,119.12,243.208,201.864,,674.19
1988,Kanada,26927938.0,814240038912.0,5.986,106.406,5.192,127.203,265.156,210.882,,720.825
1989,Kanada,27366047.0,833918730240.0,6.263,106.897,4.661,138.422,239.785,206.642,,702.67
1990,Kanada,27789436.0,835996811264.0,5.823,99.005,11.835,125.716,260.476,212.496,,718.491
1991,Kanada,28157153.0,820274266112.0,4.771,103.905,12.145,125.377,230.619,200.273,,680.375
1992,Kanada,28500065.0,829742120960.0,4.804,106.721,13.05,132.662,227.628,203.27,,691.125
1993,Kanada,28830635.0,853776007168.0,4.893,98.808,13.189,137.763,211.7,206.551,,675.86
1994,Kanada,29147382.0,894851940352.0,5.769,102.481,14.458,140.978,237.697,211.68,,716.327
1995,Kanada,29459136.0,921360072704.0,6.529,104.309,14.716,148.261,204.584,214.36,,695.998
1996,Kanada,29767210.0,938872537088.0,6.185,106.238,15.911,155.033,234.708,221.116,,742.437
1997,Kanada,30059087.0,981728100352.0,6.657,113.044,16.052,153.691,203.208,229.102,,725.23
1998,Kanada,30329968.0,1022474584064.0,6.828,119.192,17.756,150.444,225.404,232.034,,755.04
1999,Kanada,30599458.0,1078414934016.0,7.118,119.515,16.058,162.93,241.411,234.96,,785.276
2000,Kanada,30891800.0,1137681367040.0,7.232,128.952,16.037,173.423,221.185,237.231,,787.446
2001,Kanada,31213577.0,1161459924992.0,6.983,126.48,15.457,165.5,262.882,241.069,,821.242
2002,Kanada,31535580.0,1199865593856.0,7.148,123.972,15.817,171.755,214.5,242.086,,778.229
2003,Kanada,31836484.0,1224575811584.0,7.248,123.102,15.3,174.245,214.011,257.945,,794.803
2004,Kanada,32132680.0,1265917231104.0,7.52,115.514,15.79,170.262,232.531,266.975,,811.694
2005,Kanada,32440173.0,1310077878272.0,7.614,116.624,15.451,169.2,230.584,260.961,,803.439
2006,Kanada,32759174.0,1348293361664.0,7.728,114.03,15.799,168.452,197.441,259.202,,765.615
2007,Kanada,33092172.0,1379925884928.0,7.731,118.821,15.845,180.77,177.619,265.861,,769.508
2008,Kanada,33449089.0,1397938716672.0,6.988,112.68,15.094,181.2,137.416,257.097,,713.186
2009,Kanada,33826369.0,1360538107904.0,5.364,93.362,14.17,174.223,110.915,253.423,,653.726
2010,Kanada,34196901.0,1406355374080.0,6.005,95.844,14.451,178.268,85.622,257.905,,640.357
2011,Kanada,34555450.0,1454221426688.0,6.02,86.835,14.619,193.976,137.445,259.433,,700.765
2012,Kanada,34922512.0,1479829618688.0,6.532,81.544,15.49,197.213,109.047,260.897,,673.268
2013,Kanada,35293420.0,1514296442880.0,5.973,79.249,16.365,204.25,120.787,260.549,,689.641
2014,Kanada,35634265.0,1557757558784.0,5.912,76.962,16.511,211.465,164.189,253.107,,730.657
2015,Kanada,35962236.0,1568025739264.0,6.185,73.719,15.766,213.612,142.859,254.034,,708.503
2016,Kanada,36353345.0,1583728033792.0,6.114,74.001,13.82,210.439,133.098,252.214,,691.969
2017,Kanada,36808500.0,1631871434752.0,6.863,73.401,14.54,216.781,143.742,255.803,,713.345
2018,Kanada,37294997.0,1677189185536.0,6.99,61.32,15.213,231.731,101.589,261.649,,680.668
2019,Kanada,37782931.0,1708858146816.0,7.195,58.777,15.657,234.935,99.272,263.306,,681.297
2020,Kanada,38171901.0,1622144450560.0,6.713,48.575,16.158,224.905,89.206,228.175,,615.787
2021,Kanada,38454058.0,1703443300352.0,7.379,45.795,16.971,230.942,85.726,237.083,,626.038
2022,Kanada,38821260.0,1761295597568.0,6.752,38.198,17.495,239.741,107.143,246.265,,657.755
2023,Kanada,39299099.0,,6.752,36.769,17.495,237.269,104.724,248.853,,654.023
1950,Japonia,86443279.0,256610910208.0,2.206,95.729,0.0,0.136,80.192,4.47,,182.733
1951,Japonia,87849930.0,288620281856.0,3.238,111.001,0.0,0.161,69.379,9.057,,192.837
1952,Japonia,89135134.0,321973420032.0,3.518,113.94,0.0,0.18,73.745,12.791,,204.173
1953,Japonia,90324185.0,345711968256.0,4.332,119.179,0.0,0.216,73.644,22.175,,219.546
1954,Japonia,91407672.0,365311000576.0,5.277,113.009,0.0,0.275,66.709,24.12,,209.39
1955,Japonia,92425476.0,396713132032.0,5.222,108.89,0.0,0.344,70.25,27.579,,212.286
1956,Japonia,93342005.0,426510417920.0,6.436,121.381,0.0,0.469,68.305,32.536,,229.128
1957,Japonia,94108980.0,457723478016.0,7.501,136.042,0.0,0.638,75.553,44.106,,263.84
1958,Japonia,94846958.0,484394336256.0,7.407,126.489,0.0,0.927,71.711,46.599,,253.132
1959,Japonia,95622973.0,528525000704.0,8.533,125.851,0.0,1.172,85.241,57.364,,278.162
1960,Japonia,96399754.0,597858254848.0,11.139,139.146,0.0,1.601,68.207,80.944,,301.036
1961,Japonia,97217594.0,669824974848.0,12.175,160.866,0.0,2.045,70.675,108.045,,353.806
1962,Japonia,98076406.0,729663012864.0,14.228,154.22,0.0,2.66,60.206,122.17,,353.484
1963,Japonia,98958230.0,791534370816.0,14.802,155.343,0.0,3.671,62.508,151.448,,387.772
1964,Japonia,99890178.0,883860307968.0,16.3,160.21,0.0,4.005,57.624,178.834,,416.973
1965,Japonia,100916017.0,935329857536.0,16.158,165.748,0.0,3.609,52.779,201.454,,439.749
1966,Japonia,101887833.0,1034825433088.0,18.913,170.454,0.0,3.701,50.598,226.712,,470.378
1967,Japonia,102965529.0,1149408247808.0,21.239,181.502,0.0,3.909,51.887,283.262,,541.799
1968,Japonia,104237475.0,1297449615360.0,23.565,200.137,0.0,4.228,42.755,334.631,,605.316
1969,Japonia,105475170.0,1459365609472.0,25.4,221.022,0.0,4.719,46.463,402.704,,700.309
1970,Japonia,106712370.0,1615677620224.0,28.267,229.266,0.04,7.676,42.653,504.49,,812.393
1971,Japonia,107952031.0,1691571453952.0,29.269,206.388,0.04,8.094,36.249,555.853,,835.893
1972,Japonia,109238963.0,1833991274496.0,32.528,200.216,0.077,7.984,29.518,620.242,,890.564
1973,Japonia,110614742.0,1981290119168.0,38.189,214.385,0.081,10.582,28.384,651.026,,942.647
1974,Japonia,112009690.0,1957033279488.0,35.609,229.191,0.062,14.161,27.352,635.279,,941.655
1975,Japonia,113321198.0,2017465204736.0,33.082,213.422,0.11,17.155,24.289,606.028,,894.086
1976,Japonia,114502794.0,2097612062720.0,35.637,208.383,0.092,20.683,16.971,644.761,,926.527
1977,Japonia,115574280.0,2189767737344.0,37.527,204.52,0.103,24.684,16.433,668.696,,951.963
1978,Japonia,116576941.0,2305153040384.0,44.215,174.739,0.103,34.504,16.937,651.504,,922.001
1979,Japonia,117521561.0,2431613140992.0,46.044,190.938,0.099,40.89,11.222,679.159,,968.352
1980,Japonia,118358761.0,2500143611904.0,45.568,224.299,0.077,47.932,9.854,630.659,,958.389
1981,Japonia,118994055.0,2579316867072.0,43.795,247.358,0.073,48.592,7.542,590.551,,937.911
1982,Japonia,119485773.0,2658129674240.0,41.458,242.63,0.092,49.746,8.722,566.788,,909.435
1983,Japonia,119948942.0,2719951093760.0,41.612,229.795,0.092,53.348,3.777,559.573,,888.196
1984,Japonia,120384396.0,2826577117184.0,40.462,260.176,0.095,71.697,9.579,568.097,,950.106
1985,Japonia,120832158.0,2950873743360.0,36.915,271.788,0.099,76.981,6.522,529.481,,921.786
1986,Japonia,121366733.0,3036325871616.0,34.974,257.466,0.0,81.253,6.512,540.356,,920.559
1987,Japonia,121943589.0,3162653851648.0,32.839,250.394,0.0,82.707,7.688,536.237,,909.866
1988,Japonia,122476957.0,3358737825792.0,35.069,278.512,0.0,86.207,3.491,584.91,,988.189
1989,Japonia,122947411.0,3520997621760.0,36.292,277.105,0.0,92.725,0.698,615.156,,1021.976
1990,Japonia,123399767.0,3699821510656.0,38.701,318.767,0.192,116.917,3.359,671.548,,1160.752
1991,Japonia,123889870.0,3824677552128.0,40.347,318.635,0.216,125.064,1.923,673.907,,1171.016
1992,Japonia,124383707.0,3856515727360.0,41.666,313.007,0.209,126.491,0.968,687.491,,1179.86
1993,Japonia,124839954.0,3860865220608.0,41.224,318.422,0.212,129.389,-2.579,672.881,,1169.314
1994,Japonia,125286862.0,3893220605952.0,42.297,326.205,0.232,135.69,3.294,712.947,,1230.187
1995,Japonia,125672659.0,3997430972416.0,42.142,336.139,0.523,140.649,-5.535,710.223,,1233.66
1996,Japonia,125975305.0,4118875209728.0,42.56,344.945,0.572,146.434,-5.362,707.765,,1246.332
1997,Japonia,126265926.0,4160709459968.0,39.926,350.478,0.582,151.069,-4.482,692.896,,1239.913
1998,Japonia,126549181.0,4111245246464.0,35.363,328.119,0.5,154.61,-2.685,677.016,,1201.909
1999,Japonia,126801566.0,4098283012096.0,35.01,346.12,0.541,163.856,-10.899,686.568,,1230.296
2000,Japonia,127027796.0,4209652006912.0,35.086,372.971,0.513,168.728,6.705,677.303,,1270.698
2001,Japonia,127260144.0,4224163250176.0,34.374,382.016,0.55,167.865,-5.943,655.581,,1243.451
2002,Japonia,127484599.0,4226576285696.0,32.417,399.142,0.526,171.773,-11.873,666.48,,1267.122
2003,Japonia,127671255.0,4288493387776.0,31.935,412.504,0.508,177.168,-13.452,656.529,,1274.042
2004,Japonia,127815770.0,4380398190592.0,31.276,420.467,0.479,176.08,-17.559,645.38,,1265.336
2005,Japonia,127913331.0,4450600615936.0,32.28,430.874,0.509,174.702,-14.829,642.359,,1275.467
2006,Japonia,127997248.0,4514225061888.0,31.991,427.99,0.555,191.339,-6.755,605.588,,1260.54
2007,Japonia,128087684.0,4590814101504.0,30.658,445.459,0.617,207.774,-12.583,608.164,,1290.413
2008,Japonia,128155991.0,4542408163328.0,28.553,426.743,0.567,203.313,-9.902,563.407,,1222.294
2009,Japonia,128192471.0,4298103324672.0,25.308,411.9,0.503,201.07,-13.042,516.483,,1150.351
2010,Japonia,128185273.0,4480295763968.0,24.321,446.507,0.476,212.062,-12.946,522.307,,1201.852
2011,Japonia,128096431.0,4468738359296.0,24.983,430.97,0.479,246.731,-10.531,552.861,,1254.265
2012,Japonia,127928283.0,4530172329984.0,25.625,450.458,0.492,255.914,-8.698,564.639,,1297.3
2013,Japonia,127723641.0,4621006798848.0,26.805,481.655,0.441,255.328,-7.069,541.959,,1308.229
2014,Japonia,127486600.0,4634693337088.0,26.557,473.225,0.451,257.329,-4.952,497.145,,1258.854
2015,Japonia,127275868.0,4707025158144.0,25.936,466.243,0.427,245.234,-4.236,476.886,,1218.964
2016,Japonia,127159949.0,4742508969984.0,25.969,457.145,0.46,250.763,-5.933,460.518,,1197.251
2017,Japonia,127064685.0,4821960097792.0,26.429,459.108,0.439,244.803,-4.065,448.259,,1183.419
2018,Japonia,126913433.0,4852985364480.0,26.183,442.511,0.428,233.268,-0.549,431.787,,1141.931
2019,Japonia,126699422.0,4833468219392.0,25.328,432.809,0.389,223.405,-1.399,415.812,,1104.079
2020,Japonia,126304536.0,4626661244928.0,24.49,399.497,0.394,221.932,1.124,387.124,,1041.607
2021,Japonia,125679341.0,4725883797504.0,24.396,427.989,0.359,211.002,2.525,390.515,,1064.431
2022,Japonia,124997586.0,4774494732288.0,23.157,417.193,0.351,199.73,1.945,384.784,,1034.632
2023,Japonia,124370947.0,,20.71,393.898,0.359,188.445,3.024,377.727,,991.809
1950,Australia,8176751.0,97678589952.0,0.632,44.071,0.0,0.0,96.698,11.035,,152.436
1951,Australia,8418614.0,101837840384.0,0.611,46.097,0.0,0.0,117.736,14.414,,178.857
1952,Australia,8630704.0,102764888064.0,0.672,47.027,0.0,0.0,136.557,14.747,,199.004
1953,Australia,8816084.0,105967345664.0,0.789,48.232,0.0,0.0,148.912,14.015,,211.948
1954,Australia,8999382.0,112566026240.0,0.945,51.135,0.0,0.0,159.953,15.863,,227.896
1955,Australia,9205190.0,118700326912.0,0.985,51.248,0.0,0.0,168.112,19.735,,240.08
1956,Australia,9424661.0,122785832960.0,1.058,51.245,0.0,0.0,179.037,23.18,,254.52
1957,Australia,9638771.0,125243580416.0,1.148,51.626,0.0,0.0,192.936,22.705,,268.415
1958,Australia,9847636.0,131258302464.0,1.214,52.655,0.0,0.0,196.226,24.067,,274.163
1959,Australia,10060034.0,139341676544.0,1.294,56.689,0.0,0.0,205.746,25.089,,288.818
1960,Australia,10280815.0,145192517632.0,1.381,58.928,0.0,0.0,174.644,27.135,,262.089
1961,Australia,10500443.0,146189434880.0,1.414,56.48,0.0,0.0,222.277,29.115,,309.286
1962,Australia,10707235.0,155328790528.0,1.45,57.571,0.0,0.004,143.377,31.884,,234.286
1963,Australia,10913271.0,164835213312.0,1.541,58.789,0.0,0.007,192.358,35.658,,288.353
1964,Australia,11128257.0,176116154368.0,1.792,61.802,0.0,0.007,222.699,39.944,,326.243
1965,Australia,11357478.0,185112117248.0,1.879,63.812,0.0,0.007,265.453,47.907,,379.058
1966,Australia,11592486.0,190257577984.0,1.817,66.917,0.0,0.007,212.615,46.994,,328.351
1967,Australia,11810519.0,203110694912.0,1.89,68.541,0.0,0.007,412.189,51.842,,534.47
1968,Australia,12030011.0,215046504448.0,1.941,70.856,0.0,0.011,204.421,55.96,,333.19
1969,Australia,12272387.0,228127293440.0,2.13,72.267,0.0,0.487,117.01,61.53,,253.423
1970,Australia,12599414.0,242644631552.0,2.228,74.674,0.0,2.755,61.311,68.204,,209.172
1971,Australia,12997962.0,253439754240.0,2.314,72.748,0.0,4.1,60.34,71.954,,211.456
1972,Australia,13304896.0,260535648256.0,2.436,74.0,0.0,5.844,-3.508,71.318,,150.09
1973,Australia,13518687.0,274659475456.0,2.591,79.03,0.0,6.485,-7.159,82.037,,162.985
1974,Australia,13719499.0,281474170880.0,2.568,79.196,0.0,7.709,-33.947,76.71,,132.236
1975,Australia,13893985.0,289102987264.0,2.473,84.33,0.0,8.369,42.528,77.93,,215.63
1976,Australia,14046757.0,300755714048.0,2.494,84.598,0.0,9.259,30.795,73.452,,200.598
1977,Australia,14203512.0,303887974400.0,2.474,90.491,0.0,11.051,153.24,77.898,,335.155
1978,Australia,14367097.0,312728256512.0,2.459,93.311,0.0,13.802,117.502,81.48,,308.554
1979,Australia,14533034.0,329194274816.0,2.581,94.767,0.0,15.286,107.67,79.688,,299.992
1980,Australia,14721343.0,335756460032.0,2.652,101.825,0.0,17.671,96.175,82.222,,300.545
1981,Australia,14949209.0,348726755328.0,2.954,104.819,0.0,20.361,152.264,85.675,,366.074
1982,Australia,15192485.0,348301459456.0,2.823,107.585,0.0,22.53,76.011,85.063,,294.012
1983,Australia,15414891.0,348353560576.0,2.377,105.149,0.44,22.79,249.682,76.889,,457.327
1984,Australia,15620650.0,372379582464.0,2.683,109.101,0.275,24.05,118.902,81.407,,336.418
1985,Australia,15835742.0,391229276160.0,2.891,119.256,0.352,30.147,63.932,71.91,,288.488
1986,Australia,16069630.0,399344402432.0,2.908,118.775,0.319,28.092,22.861,73.947,,246.901
1987,Australia,16322272.0,419094036480.0,2.878,126.142,0.256,28.972,-14.839,76.352,,219.761
1988,Australia,16594102.0,437912797184.0,3.136,130.359,0.348,29.686,-30.655,77.208,,210.082
1989,Australia,16869361.0,457176154112.0,3.38,141.141,0.535,30.345,-39.529,81.436,,217.308
1990,Australia,17126301.0,464136601600.0,3.463,141.877,7.273,34.455,-18.62,88.777,,259.54
1991,Australia,17353191.0,461302104064.0,3.183,146.083,7.001,32.786,-56.967,88.177,,222.567
1992,Australia,17549282.0,478633754624.0,2.923,150.049,7.304,33.97,22.293,87.849,,306.822
1993,Australia,17722905.0,501524758528.0,3.005,150.096,7.137,35.67,42.207,90.318,,331.081
1994,Australia,17897430.0,527993241600.0,3.484,151.376,6.88,37.032,25.788,91.854,,319.49
1995,Australia,18095338.0,549038784512.0,3.358,155.735,7.061,39.847,189.387,96.068,,494.442
1996,Australia,18305299.0,574765662208.0,3.244,160.388,6.761,39.781,200.888,98.664,,512.829
1997,Australia,18504909.0,601472761856.0,3.185,167.683,6.688,41.09,135.503,98.381,,455.836
1998,Australia,18701707.0,634847035392.0,3.475,177.614,6.902,43.506,201.021,99.142,,535.157
1999,Australia,18909979.0,664520753152.0,3.52,183.231,7.165,45.564,150.022,100.809,,493.981
2000,Australia,19132473.0,692059308032.0,3.621,185.797,7.953,46.61,203.508,102.65,,553.516
2001,Australia,19365437.0,713890070528.0,3.541,190.082,8.173,49.326,108.423,103.174,,466.207
2002,Australia,19595357.0,747065704448.0,3.488,191.147,8.007,50.589,63.36,105.452,,425.897
2003,Australia,19819450.0,774451036160.0,3.584,195.386,7.158,49.912,221.52,109.666,,591.15
2004,Australia,20046680.0,809792438272.0,3.555,202.225,6.858,52.83,183.475,113.748,,566.634
2005,Australia,20294490.0,840092352512.0,3.664,200.715,6.915,54.458,71.948,116.504,,458.124
2006,Australia,20590565.0,866678669312.0,3.888,204.401,7.046,55.777,25.306,117.364,,417.666
2007,Australia,20954545.0,911250751488.0,3.972,203.559,7.505,61.006,77.958,119.32,,477.433
2008,Australia,21370595.0,937889628160.0,3.863,204.688,7.484,61.744,264.197,122.931,,669.038
2009,Australia,21783014.0,963129966592.0,3.829,206.066,7.969,63.087,105.896,122.373,,512.99
2010,Australia,22141583.0,993854029824.0,3.549,200.552,8.194,64.246,524.261,124.551,,929.393
2011,Australia,22479778.0,1024000327680.0,3.496,192.141,7.883,66.46,267.531,129.802,,671.389
2012,Australia,22852649.0,1062662897664.0,3.518,189.154,8.295,67.7,157.591,133.681,,563.787
2013,Australia,23236271.0,1086068031488.0,3.294,176.363,8.855,69.642,158.448,137.311,,557.515
2014,Australia,23595599.0,1113888129024.0,3.138,168.146,9.281,70.591,83.054,137.536,,475.783
2015,Australia,23947998.0,1139303383040.0,3.076,174.205,10.835,71.37,35.434,137.952,,436.93
2016,Australia,24329961.0,1169967284224.0,2.931,179.562,12.447,73.804,89.63,137.699,,500.018
2017,Australia,24731044.0,1197832929280.0,3.019,176.932,14.869,75.229,83.407,139.838,,497.225
2018,Australia,25119700.0,1231576891392.0,2.942,169.401,16.939,78.346,48.49,144.034,,464.082
2019,Australia,25482714.0,1255505526784.0,3.04,164.952,20.212,80.305,37.877,143.362,,453.647
2020,Australia,25743787.0,1232259776512.0,2.82,156.681,17.284,83.221,85.575,135.404,,484.759
2021,Australia,25956416.0,1296705126400.0,2.9,151.894,15.414,80.065,74.954,134.679,,463.973
2022,Australia,26200987.0,1344251494400.0,2.818,146.069,17.14,80.412,69.788,133.807,,454.15
2023,Australia,26451125.0,,2.818,142.666,17.14,74.636,70.094,141.596,,453.066
1950,Demokratyczna Republika Konga,12294294.0,12334004224.0,0.087,0.964,0.0,0.0,269.551,0.429,,271.03
1951,Demokratyczna Republika Konga,12542651.0,13762654208.0,0.102,1.059,0.0,0.0,287.972,0.586,,289.719
1952,Demokratyczna Republika Konga,12803639.0,15016505344.0,0.12,1.335,0.0,0.0,313.007,0.629,,315.091
1953,Demokratyczna Republika Konga,13069453.0,15882645504.0,0.123,1.364,0.0,0.0,334.251,0.801,,336.54
1954,Demokratyczna Republika Konga,13343040.0,16826791936.0,0.171,1.572,0.0,0.0,351.503,1.074,,354.32
1955,Demokratyczna Republika Konga,13630351.0,17494505472.0,0.2,2.034,0.0,0.0,368.877,1.154,,372.265
1956,Demokratyczna Republika Konga,13929949.0,18677356544.0,0.225,1.715,0.0,0.0,389.852,1.235,,393.027
1957,Demokratyczna Republika Konga,14242281.0,19269902336.0,0.229,1.781,0.0,0.0,413.612,1.319,,416.94
1958,Demokratyczna Republika Konga,14557796.0,18708994048.0,0.192,1.369,0.0,0.0,435.082,1.365,,438.008
1959,Demokratyczna Republika Konga,14891585.0,19357339648.0,0.171,1.257,0.0,0.0,453.022,1.271,,455.721
1960,Demokratyczna Republika Konga,15264853.0,19799695360.0,0.098,1.041,0.0,0.0,579.613,1.18,,581.932
1961,Demokratyczna Republika Konga,15662373.0,17659762688.0,0.069,1.057,0.0,0.0,389.004,1.229,,391.36
1962,Demokratyczna Republika Konga,16075729.0,21385908224.0,0.098,0.839,0.0,0.0,297.353,1.235,,299.525
1963,Demokratyczna Republika Konga,16507610.0,22497906688.0,0.12,0.818,0.0,0.0,217.07,1.354,,219.363
1964,Demokratyczna Republika Konga,16955331.0,21953286144.0,0.113,0.94,0.0,0.0,172.491,0.921,,174.465
1965,Demokratyczna Republika Konga,17427807.0,22174078976.0,0.123,1.178,0.0,0.0,146.424,1.167,,148.893
1966,Demokratyczna Republika Konga,17931934.0,23676299264.0,0.131,0.909,0.0,0.0,124.383,1.363,,126.786
1967,Demokratyczna Republika Konga,18462788.0,23450699776.0,0.145,0.949,0.0,0.0,121.778,1.194,,124.067
1968,Demokratyczna Republika Konga,19012194.0,24458477568.0,0.145,0.74,0.0,0.0,110.825,2.481,,114.191
1969,Demokratyczna Republika Konga,19570447.0,26727661568.0,0.16,0.887,0.0,0.0,110.368,2.601,,114.016
1970,Demokratyczna Republika Konga,20137441.0,26659889152.0,0.207,0.788,0.0,0.0,108.104,1.715,,110.813
1971,Demokratyczna Republika Konga,20695567.0,28362504192.0,0.225,0.876,0.0,0.0,110.619,1.858,,113.578
1972,Demokratyczna Republika Konga,21251166.0,28414472192.0,0.236,0.85,0.0,0.0,108.327,1.931,,111.344
1973,Demokratyczna Republika Konga,21827664.0,30887354368.0,0.265,0.828,0.0,0.0,101.478,2.096,,104.667
1974,Demokratyczna Republika Konga,22418884.0,31926198272.0,0.309,0.832,0.0,0.0,83.869,2.224,,87.234
1975,Demokratyczna Republika Konga,23021102.0,30364745728.0,0.309,0.671,0.0,0.0,87.207,2.253,,90.439
1976,Demokratyczna Republika Konga,23624033.0,28598779904.0,0.32,0.876,0.0,0.0,87.383,2.209,,90.788
1977,Demokratyczna Republika Konga,24229060.0,28761571328.0,0.238,0.887,0.0,0.0,86.78,2.352,,90.257
1978,Demokratyczna Republika Konga,24992693.0,27125444608.0,0.225,0.843,0.0,0.0,71.026,2.459,,74.552
1979,Demokratyczna Republika Konga,25886782.0,27103821824.0,0.212,0.747,0.0,0.0,75.76,2.781,,79.5
1980,Demokratyczna Republika Konga,26711097.0,27648954368.0,0.206,0.843,0.0,0.0,89.37,2.437,,92.855
1981,Demokratyczna Republika Konga,27500518.0,28317622272.0,0.227,0.861,0.0,0.0,88.567,2.667,,92.322
1982,Demokratyczna Republika Konga,28338194.0,28196935680.0,0.248,0.824,0.0,0.0,89.614,1.975,,92.661
1983,Demokratyczna Republika Konga,29250968.0,28585207808.0,0.231,0.806,0.0,0.0,88.963,2.961,,92.961
1984,Demokratyczna Republika Konga,30245089.0,30141794304.0,0.238,0.824,0.0,0.0,95.177,2.869,,99.108
1985,Demokratyczna Republika Konga,31264819.0,30309890048.0,0.194,0.822,0.0,0.0,95.252,2.597,,98.864
1986,Demokratyczna Republika Konga,32265203.0,31729262592.0,0.191,0.839,0.0,0.0,90.372,2.316,,93.718
1987,Demokratyczna Republika Konga,33298910.0,32572618752.0,0.21,0.85,0.0,0.0,83.485,2.755,,87.301
1988,Demokratyczna Republika Konga,34382755.0,32745572352.0,0.208,0.931,0.0,0.0,76.759,2.84,,80.737
1989,Demokratyczna Republika Konga,35486865.0,32549357568.0,0.19,0.843,0.0,0.0,77.928,3.32,,82.28
1990,Demokratyczna Republika Konga,36684066.0,31745581056.0,0.189,0.89,0.0,0.0,82.289,3.169,,86.538
1991,Demokratyczna Republika Konga,37925828.0,29817690112.0,0.102,0.0,0.0,0.0,87.787,3.03,,90.92
1992,Demokratyczna Republika Konga,39228908.0,27407296512.0,0.071,0.0,0.0,0.0,85.063,2.737,,87.871
1993,Demokratyczna Republika Konga,40656338.0,24338479104.0,0.061,0.0,0.0,0.0,102.66,2.601,,105.322
1994,Demokratyczna Republika Konga,42626874.0,23485765632.0,0.068,0.0,1.053,0.0,112.185,1.63,,114.936
1995,Demokratyczna Republika Konga,44433718.0,24780658688.0,0.096,0.0,0.993,0.0,125.08,2.008,,128.176
1996,Demokratyczna Republika Konga,45296126.0,24914388992.0,0.098,0.0,1.162,0.0,121.836,2.213,,125.309
1997,Demokratyczna Republika Konga,46029908.0,23716345856.0,0.051,0.0,1.214,0.0,165.995,1.825,,169.085
1998,Demokratyczna Republika Konga,47297596.0,23460460544.0,0.054,0.0,1.078,0.0,171.682,1.601,,174.415
1999,Demokratyczna Republika Konga,48912973.0,23134197760.0,0.064,0.0,0.882,0.0,179.716,1.253,,181.915
2000,Demokratyczna Republika Konga,50507444.0,21854113792.0,0.068,0.0,0.812,0.0,183.157,0.824,,184.862
2001,Demokratyczna Republika Konga,52132648.0,21977292800.0,0.081,0.0,0.877,0.0,145.135,0.689,,146.782
2002,Demokratyczna Republika Konga,53750528.0,23244765184.0,0.106,0.005,0.879,0.0,130.526,0.744,,132.261
2003,Demokratyczna Republika Konga,55343873.0,25228484608.0,0.132,0.002,1.057,0.0,165.275,0.905,,167.371
2004,Demokratyczna Republika Konga,56997741.0,27653537792.0,0.16,0.006,0.872,0.0,137.815,0.989,,139.843
2005,Demokratyczna Republika Konga,58775726.0,30164654080.0,0.207,0.023,0.819,0.0,139.817,1.238,,142.105
2006,Demokratyczna Republika Konga,60615907.0,32708306944.0,0.204,0.02,0.78,0.022,141.0,1.326,,143.352
2007,Demokratyczna Republika Konga,62477753.0,35814301696.0,0.205,0.03,0.896,0.044,142.715,1.447,,145.338
2008,Demokratyczna Republika Konga,64390658.0,39245770752.0,0.158,0.034,0.84,0.044,448.901,1.608,,451.586
2009,Demokratyczna Republika Konga,66412040.0,41718890496.0,0.177,0.024,0.728,0.044,740.597,1.473,,743.043
2010,Demokratyczna Republika Konga,68563037.0,46223523840.0,0.189,0.037,0.737,0.044,870.311,1.729,,873.046
2011,Demokratyczna Republika Konga,70849311.0,51169099776.0,0.175,0.029,0.572,0.044,1004.093,2.22,,1007.134
2012,Demokratyczna Republika Konga,73254623.0,55604953088.0,0.158,0.033,0.408,0.0,938.447,2.198,,941.245
2013,Demokratyczna Republika Konga,75789395.0,60956372992.0,0.174,0.013,0.371,0.0,960.219,3.364,,964.14
2014,Demokratyczna Republika Konga,78403248.0,65407410176.0,0.128,0.017,0.418,0.004,791.119,4.499,,796.185
2015,Demokratyczna Republika Konga,81035535.0,69567324160.0,0.155,0.034,0.397,0.004,623.262,2.686,,626.536
2016,Demokratyczna Republika Konga,83956415.0,69841412096.0,0.098,0.039,0.393,0.0,660.536,2.129,,663.196
2017,Demokratyczna Republika Konga,87083400.0,72396210176.0,0.349,0.049,0.349,0.001,666.661,2.169,,669.579
2018,Demokratyczna Republika Konga,90047647.0,75889336320.0,0.453,0.084,0.293,0.001,534.39,2.942,,538.164
2019,Demokratyczna Republika Konga,92947450.0,79292964864.0,0.536,0.044,0.375,0.001,450.279,3.165,,454.4
2020,Demokratyczna Republika Konga,95989999.0,80617955328.0,0.498,0.025,0.437,0.0,363.164,3.342,,367.466
2021,Demokratyczna Republika Konga,99148931.0,85639643136.0,0.604,0.034,0.425,0.0,378.67,3.206,,382.939
2022,Demokratyczna Republika Konga,102396974.0,91314987008.0,0.604,0.053,0.387,0.0,415.651,3.586,,420.281
2023,Demokratyczna Republika Konga,105789733.0,,0.604,0.071,0.213,0.0,424.004,3.728,,428.619
1950,Iran,16510553.0,44850892800.0,0.033,0.531,0.0,0.0,20.792,9.037,,30.393
1951,Iran,16921281.0,44840296448.0,0.033,0.451,0.0,0.0,26.871,6.43,,33.785
1952,Iran,17344434.0,44843151360.0,0.025,0.399,0.0,0.0,31.67,3.668,,35.763
1953,Iran,17778109.0,44886630400.0,0.033,0.411,0.0,0.0,35.576,3.385,,39.404
1954,Iran,18226205.0,44884365312.0,0.033,0.665,0.0,0.0,38.966,0.347,,40.01
1955,Iran,18700800.0,44862808064.0,0.065,0.649,11.641,0.583,41.807,2.876,,57.621
1956,Iran,19204391.0,48871698432.0,0.109,0.506,12.754,0.85,44.581,8.588,,67.389
1957,Iran,19726844.0,55700860928.0,0.156,0.465,8.664,1.403,48.268,11.111,,70.068
1958,Iran,20266510.0,62178750464.0,0.204,0.513,9.871,1.44,50.127,13.201,,75.356
1959,Iran,20846778.0,67527569408.0,0.287,0.63,11.208,1.759,50.709,11.684,,76.278
1960,Iran,21470433.0,74059071488.0,0.392,0.612,12.68,1.839,54.529,21.835,,91.888
1961,Iran,22125729.0,80338485248.0,0.367,0.524,14.39,1.902,38.802,19.326,,75.31
1962,Iran,22807908.0,81892024320.0,0.367,0.542,15.774,2.037,33.21,18.708,,70.639
1963,Iran,23519008.0,90921967616.0,0.367,0.605,17.857,2.206,29.713,20.271,,71.018
1964,Iran,24262863.0,97500512256.0,0.367,0.725,20.548,2.308,27.594,23.571,,75.113
1965,Iran,25036982.0,109475799040.0,0.389,0.755,25.569,2.378,23.336,24.627,,77.055
1966,Iran,25829273.0,120466931712.0,0.691,0.755,33.667,2.682,23.668,26.309,,87.772
1967,Iran,26628431.0,134024249344.0,0.691,0.769,35.973,2.84,22.246,27.608,,90.127
1968,Iran,27437390.0,154230439936.0,0.959,0.788,41.044,3.037,20.74,36.501,,103.07
1969,Iran,28273481.0,174223163392.0,1.159,1.301,42.865,9.021,17.828,28.693,,100.867
1970,Iran,29145099.0,192659390464.0,1.272,1.26,35.977,20.559,37.661,32.72,,129.449
1971,Iran,30029069.0,216529780736.0,1.41,1.429,41.407,18.027,57.791,39.355,,159.419
1972,Iran,30921177.0,251717222400.0,1.668,2.425,46.421,17.466,70.299,38.035,,176.314
1973,Iran,31839836.0,273301962752.0,1.726,2.664,54.758,19.188,32.939,51.138,,162.414
1974,Iran,32796455.0,297538945024.0,2.235,3.037,54.172,24.175,12.175,60.156,,155.95
1975,Iran,33802973.0,311929438208.0,2.653,2.616,45.727,22.889,-1.345,65.329,,137.869
1976,Iran,34837283.0,365375389696.0,3.016,2.327,54.132,22.834,-7.347,74.181,,149.143
1977,Iran,35933180.0,360749400064.0,3.587,2.334,51.185,20.445,-21.678,86.256,,142.129
1978,Iran,37126534.0,318003249152.0,5.931,2.535,49.915,18.833,33.031,85.074,,195.32
1979,Iran,38424956.0,290524364800.0,3.728,2.407,30.364,24.05,-27.942,102.588,,135.195
1980,Iran,39842324.0,249697452032.0,3.88,2.433,18.217,13.282,-2.308,82.883,,118.387
1981,Iran,41989316.0,242198921216.0,4.452,1.927,14.803,12.142,14.678,79.948,,127.952
1982,Iran,44272142.0,280254611456.0,4.972,2.997,27.41,12.626,14.876,90.127,,153.009
1983,Iran,46029541.0,317242867712.0,5.337,2.752,24.717,16.034,17.434,101.189,,167.462
1984,Iran,47793999.0,322589097984.0,5.746,3.272,12.498,25.138,20.791,103.747,,171.192
1985,Iran,49582288.0,330378084352.0,6.059,3.426,10.38,27.392,24.078,113.229,,184.564
1986,Iran,51446047.0,299361796096.0,6.142,3.58,10.19,28.543,27.184,99.851,,175.489
1987,Iran,53323493.0,294831456256.0,6.24,3.653,9.23,30.602,30.515,109.616,,189.856
1988,Iran,55072694.0,278182821888.0,6.07,3.704,7.691,38.395,7.131,120.102,,183.093
1989,Iran,56704919.0,288903888896.0,6.306,3.056,2.884,42.59,-4.921,136.279,,186.194
1990,Iran,58380097.0,318478254080.0,7.261,2.693,21.819,40.015,66.917,139.287,,277.992
1991,Iran,59986931.0,376283103232.0,7.481,3.843,22.313,49.617,62.133,139.79,,285.179
1992,Iran,61184982.0,424984707072.0,7.485,3.385,21.734,52.647,33.33,142.941,,261.523
1993,Iran,61403548.0,419990110208.0,7.945,4.133,17.697,60.69,20.997,146.528,,257.989
1994,Iran,61520597.0,419488432128.0,8.274,4.173,21.821,73.287,7.025,157.266,,271.847
1995,Iran,62205571.0,437566111744.0,8.591,3.909,20.192,81.575,-9.957,156.607,,260.918
1996,Iran,62881296.0,483475488768.0,8.775,4.089,21.72,81.246,8.895,160.791,,285.515
1997,Iran,63639637.0,512736329728.0,9.471,4.195,21.471,90.915,-9.767,143.211,,259.496
1998,Iran,64519866.0,541099753472.0,9.989,4.884,17.247,98.652,-39.269,174.87,,266.373
1999,Iran,65445389.0,563869057024.0,10.956,4.976,16.516,114.287,13.03,227.718,,387.483
2000,Iran,66418662.0,595554533376.0,12.029,5.328,19.291,120.448,5.056,210.118,,372.269
2001,Iran,67452003.0,636570238976.0,13.673,4.14,16.988,127.654,5.154,227.454,,395.063
2002,Iran,68011316.0,698059653120.0,14.068,4.664,16.556,143.816,5.775,217.927,,402.807
2003,Iran,68769345.0,779969691648.0,14.639,5.188,21.881,158.468,7.994,210.79,,418.96
2004,Iran,70256316.0,849441914880.0,15.761,4.994,20.699,178.9,10.196,221.765,,452.316
2005,Iran,71828456.0,908856000512.0,16.125,6.086,21.924,200.161,14.59,222.489,,481.374
2006,Iran,73392746.0,995245162496.0,17.253,5.983,22.879,221.54,-22.908,233.364,,478.11
2007,Iran,74602646.0,1098784571392.0,19.4,6.577,20.097,236.52,-15.671,225.18,,492.104
2008,Iran,75514200.0,1132365742080.0,21.606,5.859,20.251,246.875,-20.979,233.945,,507.556
2009,Iran,76457832.0,1208128372736.0,24.561,4.393,20.475,261.065,-23.178,232.918,,520.235
2010,Iran,77420852.0,1310507008000.0,30.104,5.448,21.191,277.22,-24.794,227.533,,536.702
2011,Iran,78383602.0,1345049329664.0,32.915,5.313,20.961,293.263,-25.983,223.695,,550.163
2012,Iran,79370583.0,1324570771456.0,34.824,4.129,20.731,292.274,-26.358,247.162,,572.763
2013,Iran,80414688.0,1287095582720.0,36.718,4.118,20.74,294.934,-23.45,253.329,,586.389
2014,Iran,81502045.0,1352736964608.0,34.968,3.591,22.785,335.007,-25.482,247.8,,618.668
2015,Iran,82619365.0,1331012173824.0,31.23,4.302,22.557,356.769,-23.278,227.053,,618.633
2016,Iran,83812229.0,1413723717632.0,30.618,3.451,29.786,380.704,-23.672,200.124,,621.012
2017,Iran,85026761.0,1486668300288.0,29.908,4.708,33.22,399.504,-23.877,229.059,,672.523
2018,Iran,86118000.0,1483607244800.0,30.272,4.459,32.439,390.843,49.74,231.77,,739.523
2019,Iran,87051647.0,1438754537472.0,35.303,4.847,25.963,429.315,19.014,239.919,,754.361
2020,Iran,87723446.0,1446203752448.0,38.808,5.577,24.925,465.332,8.47,221.965,,765.076
2021,Iran,88455491.0,1525523152896.0,37.419,5.181,32.496,476.04,14.884,228.62,,794.64
2022,Iran,89524247.0,1572209033216.0,34.704,5.348,32.375,496.507,18.417,231.813,,819.163
2023,Iran,90608708.0,,38.928,5.444,38.392,509.267,21.095,225.85,,838.975
