country,year,iso_code,population,primary_energy_consumption,cement_co2,coal_co2,flaring_co2,gas_co2,land_use_change_co2,oil_co2,co2,co2_including_luc,gdp
China,1990,CHN,1153704192.0,7938.249,84.513,1976.684,0.0,29.301,1368.074,330.291,2484.855,3852.928,3385121670000.0
China,1991,CHN,1170626176.0,8337.61,101.305,2049.92,0.0,30.778,1013.113,356.027,2606.096,3619.209,3508947858611.704
China,1992,CHN,1183813376.0,8773.708,122.445,2114.715,0.0,30.239,1054.941,385.793,2730.788,3785.728,3755037526742.155
China,1993,CHN,1195855616.0,9457.634,142.774,2228.745,0.0,35.728,1087.234,428.549,2921.651,4008.885,4126169557030.082
China,1994,CHN,1207286656.0,10048.812,164.377,2380.586,3.737,41.568,1199.356,423.712,3103.739,4303.095,4438753414215.048
China,1995,CHN,1218144384.0,10352.658,184.637,2569.754,3.728,42.436,1092.233,468.23,3361.637,4453.87,4810000038087.688
China,1996,CHN,1228298880.0,10907.449,192.853,2660.401,5.584,44.47,1143.726,510.622,3508.818,4652.544,5127589650603.525
China,1997,CHN,1237801472.0,10981.134,202.874,2609.556,5.425,44.159,1144.301,557.961,3515.594,4659.896,5291338875305.675
China,1998,CHN,1246836096.0,11000.566,211.369,2444.771,4.132,50.501,1066.255,559.262,3364.587,4430.843,5338703030195.93
China,1999,CHN,1255433216.0,11386.067,228.322,2580.992,4.433,54.572,904.531,596.751,3557.275,4461.806,5578502882830.346
China,2000,CHN,1264099072.0,11800.283,244.388,2601.737,4.737,59.796,671.712,648.686,3649.201,4320.913,5952682267478.983
China,2001,CHN,1272739584.0,12470.062,270.828,2637.655,4.783,67.157,580.39,659.3,3728.513,4308.903,6329737252351.483
China,2002,CHN,1280926080.0,13580.49,282.688,3018.634,4.486,53.993,493.33,653.086,4103.042,4596.373,6814493702583.538
China,2003,CHN,1288873344.0,15818.756,353.679,3601.712,5.18,60.745,520.981,727.099,4841.119,5362.1,7248622675468.963
China,2004,CHN,1296816768.0,18509.135,368.396,3835.288,5.192,71.521,608.344,839.093,5217.351,5825.695,7830952987789.932
China,2005,CHN,1304887552.0,21027.164,411.649,4424.39,5.588,84.957,386.445,850.173,5882.143,6268.588,8602939963887.271
China,2006,CHN,1313086592.0,23048.367,470.087,4905.374,5.534,103.753,404.611,898.534,6494.338,6898.949,9489543075488.268
China,2007,CHN,1321513216.0,25049.293,514.981,5289.904,4.965,129.515,359.417,927.351,6983.577,7342.994,10358205958547.176
China,2008,CHN,1330167168.0,26019.0,525.924,5729.474,4.666,149.674,352.643,970.117,7501.498,7854.141,10799148306451.049
China,2009,CHN,1339125632.0,27158.898,583.56,6028.5,4.557,164.404,357.847,982.348,7891.089,8248.937,11572543736341.38
China,2010,CHN,1348191360.0,29055.609,639.592,6568.793,3.974,199.585,11.268,1092.572,8620.627,8631.894,12858807557375.758
China,2011,CHN,1357095424.0,31336.535,708.564,7309.786,3.853,245.99,60.772,1123.859,9532.409,9593.182,13691527058279.998
China,2012,CHN,1366560768.0,32624.225,714.782,7464.806,3.733,277.599,57.883,1176.712,9779.354,9837.238,14773157696320.137
China,2013,CHN,1376100352.0,33852.562,748.323,7493.454,3.632,320.127,46.434,1234.622,9956.376,10002.81,15925463991845.867
China,2014,CHN,1385189632.0,34729.508,778.627,7425.067,3.93,370.222,443.237,1255.605,9998.674,10441.911,17103948327082.293
China,2015,CHN,1393715456.0,35134.855,721.995,7266.979,3.901,380.052,376.002,1328.805,9866.951,10242.954,18301224717452.55
China,2016,CHN,1401889664.0,35278.277,743.044,7071.404,3.09,421.726,213.326,1357.838,9765.029,9978.354,19545707998702.027
China,2017,CHN,1410275968.0,36649.703,758.185,7163.318,2.969,486.359,461.403,1430.587,10011.151,10472.555,20894361849340.027
China,2018,CHN,1417069440.0,38415.93,786.745,7316.4,3.408,575.369,696.514,1500.474,10353.935,11050.448,22294284089099.24
China,2019,CHN,1421864064.0,40206.684,826.876,7523.17,3.839,630.171,749.99,1559.728,10721.042,11471.032,23631941133377.406
China,2020,CHN,1424929792.0,41513.812,858.233,7679.546,5.17,676.473,829.416,1523.052,10914.012,11743.429,24151843838525.27
China,2021,CHN,1425893504.0,43873.07,851.974,7979.436,4.812,764.102,904.296,1564.37,11336.233,12240.529,26180598719751.23
China,2022,CHN,1425887360.0,44275.914,763.365,8250.736,4.678,755.172,981.504,1451.287,11396.777,12378.281,26966016684814.074
Germany,1990,DEU,79370192.0,4192.642,15.297,569.117,3.841,122.282,-39.965,333.267,1054.741,1014.775,2015547584054.0
Germany,1991,DEU,79801984.0,4090.643,13.741,504.043,3.619,130.146,-40.577,355.252,1016.87,976.293,2141316275284.2344
Germany,1992,DEU,80205024.0,4009.338,14.444,454.311,3.54,129.37,-19.371,357.921,969.474,950.103,2204952386036.203
Germany,1993,DEU,80573496.0,3991.526,14.531,430.776,3.318,136.288,-15.356,364.574,959.367,944.012,2206290839038.913
Germany,1994,DEU,80882120.0,3954.172,15.341,418.185,3.22,142.15,-15.478,353.769,943.185,927.707,2283952741453.933
Germany,1995,DEU,81123264.0,3974.795,15.562,406.046,3.06,152.97,-18.85,351.664,939.897,921.047,2347761273167.4883
Germany,1996,DEU,81300864.0,4105.846,14.811,400.612,3.213,169.956,-19.221,361.019,959.653,940.433,2391519661884.361
Germany,1997,DEU,81436096.0,4053.187,15.275,386.864,3.239,162.878,-14.956,353.047,931.487,916.53,2461046189510.3667
Germany,1998,DEU,81524384.0,4019.631,15.545,377.48,3.168,165.378,-19.544,351.882,923.467,903.923,2535903730461.1104
Germany,1999,DEU,81556968.0,3963.56,15.771,360.052,3.113,165.627,-21.002,340.806,895.402,874.4,2613176603036.141
Germany,2000,DEU,81551680.0,3988.179,15.253,373.46,2.992,166.421,-20.247,330.737,898.938,878.691,2718560408621.5728
Germany,2001,DEU,81514568.0,4062.799,13.504,376.52,2.97,173.8,-21.19,338.856,915.242,894.052,2793372810204.8223
Germany,2002,DEU,81443424.0,4011.723,12.823,375.786,2.966,173.61,-16.598,324.412,898.835,882.237,2822441757886.9287
Germany,2003,DEU,81346808.0,4010.471,13.507,379.524,3.003,174.859,-13.72,319.712,899.858,886.139,2831675982126.5684
Germany,2004,DEU,81266672.0,4009.893,14.068,375.978,2.928,173.344,-13.734,310.181,885.633,871.898,2894624832853.845
Germany,2005,DEU,81212168.0,3962.631,13.05,363.226,2.954,173.416,-16.163,304.012,865.471,849.308,2945461106151.811
Germany,2006,DEU,81177816.0,4062.384,13.34,369.583,3.069,178.383,-14.307,304.138,877.498,863.19,3086359027851.9297
Germany,2007,DEU,81183832.0,3893.425,14.449,379.374,2.989,174.428,-13.165,269.802,850.23,837.065,3220275782477.8364
Germany,2008,DEU,81217488.0,3934.661,13.579,356.208,2.945,179.821,-13.516,291.228,852.858,839.342,3289020458985.8726
Germany,2009,DEU,81260624.0,3692.18,12.559,317.893,2.575,167.4,-16.763,280.159,788.286,771.523,3136502149277.069
Germany,2010,DEU,81325088.0,3847.15,12.431,343.352,2.582,183.991,-12.653,280.447,831.13,818.476,3301123263613.155
Germany,2011,DEU,81423384.0,3710.586,13.393,344.685,2.673,168.397,-14.451,269.85,807.614,793.163,3467713048620.0
Germany,2012,DEU,81545568.0,3761.915,13.289,349.791,2.657,168.05,-9.781,270.706,812.816,803.035,3482225436872.4907
Germany,2013,DEU,81680592.0,3868.519,12.503,356.89,2.689,170.536,-8.329,282.552,833.804,825.475,3497463285895.838
Germany,2014,DEU,81858824.0,3710.461,12.905,344.857,2.478,152.279,-6.192,273.335,794.738,788.546,3574741339921.3643
Germany,2015,DEU,82073232.0,3780.858,12.626,341.028,2.374,157.466,-7.144,275.835,798.085,790.941,3628073968682.709
Germany,2016,DEU,82331432.0,3842.884,12.663,329.449,2.34,169.476,-4.832,279.118,801.745,796.912,3708979999145.128
Germany,2017,DEU,82624368.0,3892.673,13.408,310.775,2.26,171.428,-4.333,279.439,785.986,781.653,3808389311104.715
Germany,2018,DEU,82896696.0,3795.127,13.228,295.686,1.998,169.574,-9.062,265.495,754.811,745.749,3845758410751.44
Germany,2019,DEU,83148144.0,3697.411,13.287,240.115,2.019,172.524,-8.792,271.031,707.491,698.699,3886392818590.415
Germany,2020,DEU,83328992.0,3447.96,13.357,198.559,1.806,171.058,-8.653,254.431,647.252,638.599,3742721122354.9614
Germany,2021,DEU,83408560.0,3549.456,13.64,232.334,1.831,179.755,-8.358,242.793,678.799,670.441,3841041954386.381
Germany,2022,DEU,83369840.0,3416.287,12.832,242.395,1.837,151.885,-8.089,248.184,665.605,657.516,3909612549141.962
India,1990,IND,870452160.0,2300.701,22.348,366.514,9.871,21.097,173.899,158.167,577.996,751.895,1750993000000.0
India,1991,IND,888941760.0,2427.663,24.503,393.043,7.834,23.563,135.573,166.423,615.365,750.938,1768493541134.4194
India,1992,IND,907574080.0,2552.772,25.156,411.414,3.565,27.256,166.806,188.055,655.447,822.253,1851711553053.168
India,1993,IND,926351296.0,2616.248,26.602,433.121,3.701,26.996,129.925,186.879,677.299,807.224,1944353935577.2017
India,1994,IND,945261952.0,2757.121,28.54,455.72,1.852,28.997,118.346,198.955,714.064,832.41,2055026561101.048
India,1995,IND,964279104.0,2963.118,31.104,471.723,2.303,39.051,84.262,216.281,760.462,844.724,2189535899268.4392
India,1996,IND,983281216.0,3081.631,34.079,504.498,2.136,39.747,162.783,243.16,823.621,986.403,2345228633235.7017
India,1997,IND,1002335232.0,3252.01,37.418,527.722,2.645,46.024,101.582,244.202,858.011,959.593,2426804741564.027
India,1998,IND,1021434560.0,3449.497,39.026,524.125,2.133,47.595,94.791,262.892,875.772,970.564,2567853072025.03
India,1999,IND,1040500032.0,3549.489,44.592,560.528,2.048,42.316,85.114,300.976,950.46,1035.574,2710352899642.8384
India,2000,IND,1059633664.0,3728.514,45.957,572.876,1.973,43.873,191.169,312.847,977.526,1168.695,2804478482984.145
India,2001,IND,1078970880.0,3743.853,46.74,582.083,1.857,43.569,141.383,316.721,990.97,1132.352,2940745559129.762
India,2002,IND,1098313088.0,3865.751,49.111,598.597,1.602,47.134,86.428,325.22,1021.664,1108.092,3024984745054.45
India,2003,IND,1117415168.0,4004.078,50.88,625.89,1.787,49.988,113.07,330.615,1059.16,1172.229,3251114229338.8423
India,2004,IND,1136264576.0,4347.582,55.545,669.968,1.765,49.585,71.903,348.234,1125.096,1196.999,3495022980444.752
India,2005,IND,1154638720.0,4603.61,59.687,721.469,1.704,50.439,43.071,352.376,1185.674,1228.745,3752627778148.986
India,2006,IND,1172373760.0,4849.72,64.905,773.564,1.741,82.58,38.939,369.694,1292.485,1331.424,4069855789009.416
India,2007,IND,1189691776.0,5263.111,68.333,842.477,1.842,87.956,94.336,391.897,1392.506,1486.842,4403215152816.854
India,2008,IND,1206734848.0,5570.697,73.245,910.795,1.888,90.277,148.334,413.233,1489.437,1637.771,4649548338809.07
India,2009,IND,1223640192.0,5986.512,81.268,983.947,1.879,112.463,82.88,432.66,1612.216,1695.097,4993478622633.484
India,2010,IND,1240613632.0,6244.97,86.029,1015.983,1.704,134.121,118.441,439.5,1677.337,1795.778,5361371111075.972
India,2011,IND,1257621248.0,6586.134,91.314,1074.385,2.648,136.26,97.74,460.104,1764.712,1862.452,5720692792640.0
India,2012,IND,1274487168.0,6942.567,100.237,1206.452,3.592,125.605,160.877,489.814,1925.7,2086.577,6052427547157.702
India,2013,IND,1291132032.0,7172.946,107.82,1276.383,3.266,110.689,217.294,496.94,1995.098,2212.392,6424471175678.848
India,2014,IND,1307246464.0,7656.914,115.825,1407.057,3.529,109.467,99.411,512.465,2148.344,2247.754,6875185956108.676
India,2015,IND,1322866560.0,7922.428,117.508,1449.587,4.137,106.871,152.648,556.117,2234.219,2386.868,7391521128229.46
India,2016,IND,1338636288.0,8278.461,123.281,1499.401,3.756,113.622,164.52,614.597,2354.658,2519.178,8057465555113.433
India,2017,IND,1354195712.0,8594.206,121.047,1551.256,2.823,118.922,121.271,632.558,2426.607,2547.878,8550029707717.154
India,2018,IND,1369003264.0,9081.509,138.965,1668.318,2.49,126.201,125.022,657.084,2593.058,2718.08,9173201780735.316
India,2019,IND,1383112064.0,9310.841,143.664,1661.94,2.454,128.676,96.027,676.154,2612.888,2708.915,9595462849867.31
India,2020,IND,1396387072.0,8821.111,122.908,1561.799,2.806,127.994,72.843,606.045,2421.552,2494.395,8945313212694.963
India,2021,IND,1407563904.0,9584.976,149.033,1767.297,2.772,133.192,51.481,621.928,2674.222,2725.703,9801620870435.19
India,2022,IND,1417173120.0,10123.443,164.323,1854.258,2.924,124.009,34.408,684.131,2829.644,2864.052,10476248822360.44
Indonesia,1990,IDN,182159888.0,600.179,7.719,6.947,9.08,44.064,497.227,87.271,155.081,652.308,718548903869.9999
Indonesia,1991,IDN,185361232.0,652.938,9.087,13.52,11.061,43.494,409.643,97.702,174.865,584.508,786440044992.9438
Indonesia,1992,IDN,188558416.0,716.86,9.777,12.509,11.809,52.373,652.677,112.95,199.419,852.096,841780439780.087
Indonesia,1993,IDN,191737280.0,763.843,10.775,21.31,12.6,57.66,448.802,112.763,215.109,663.911,912702641601.2068
Indonesia,1994,IDN,194928544.0,799.647,12.538,26.648,10.942,60.309,791.66,108.934,219.372,1011.031,986200296551.4216
Indonesia,1995,IDN,198140160.0,870.284,13.312,25.175,9.634,64.574,684.51,109.715,222.41,906.92,1072204296474.335
Indonesia,1996,IDN,201373792.0,933.146,14.266,27.561,10.939,78.992,730.093,121.308,253.065,983.158,1161281466037.9387
Indonesia,1997,IDN,204628016.0,1012.695,16.01,29.389,11.951,82.042,2474.84,140.549,279.941,2754.782,1221454520974.293
Indonesia,1998,IDN,207855488.0,995.569,13.077,32.075,10.305,48.028,1146.639,141.038,244.523,1391.162,1066065594222.6708
Indonesia,1999,IDN,210996912.0,1086.986,14.082,37.167,9.0,83.652,1159.971,148.101,292.001,1451.972,1079382549765.9032
Indonesia,2000,IDN,214072416.0,1163.577,16.446,50.906,8.57,48.592,836.486,156.816,281.33,1117.817,1138300099827.1824
Indonesia,2001,IDN,217112432.0,1246.32,18.462,64.629,8.704,61.163,827.764,164.07,317.027,1144.792,1185220892016.5657
Indonesia,2002,IDN,220115088.0,1280.054,18.137,66.665,7.077,59.764,1076.239,156.843,308.486,1384.725,1244249969512.5537
Indonesia,2003,IDN,223080128.0,1388.661,17.811,89.49,6.947,62.662,735.995,162.447,339.357,1075.352,1309811242918.529
Indonesia,2004,IDN,225938592.0,1375.442,19.047,82.216,5.978,61.886,835.711,173.895,343.022,1178.733,1387446353198.2068
Indonesia,2005,IDN,228805152.0,1415.489,18.527,94.222,5.663,54.451,779.16,174.754,347.617,1126.777,1474875285411.1775
Indonesia,2006,IDN,231797424.0,1439.761,19.047,111.641,6.021,57.426,1265.132,152.499,346.633,1611.766,1565012881849.6174
Indonesia,2007,IDN,234858288.0,1545.187,19.567,140.066,4.923,57.078,535.139,166.225,387.858,922.997,1674227395598.5876
Indonesia,2008,IDN,237936544.0,1563.029,20.542,121.845,4.716,60.313,597.031,158.303,365.718,962.75,1809491109528.5603
Indonesia,2009,IDN,240981296.0,1605.616,19.437,128.274,5.43,64.541,876.553,181.26,398.942,1275.495,1905717536727.7288
Indonesia,2010,IDN,244016176.0,1737.839,19.461,152.667,4.274,73.73,498.996,195.674,445.806,944.802,2039334409081.118
Indonesia,2011,IDN,247099696.0,1835.917,21.1,181.281,5.462,81.553,732.776,211.329,500.725,1233.501,2178184535640.0
Indonesia,2012,IDN,250222688.0,1895.301,23.294,187.171,6.649,80.062,746.869,218.777,515.954,1262.823,2309530167050.131
Indonesia,2013,IDN,253275920.0,1829.965,24.775,164.219,5.899,64.753,747.272,229.408,489.055,1236.327,2437876849559.0767
Indonesia,2014,IDN,256229760.0,1853.965,25.534,173.584,5.763,62.416,937.673,220.593,487.89,1425.563,2559933261761.715
Indonesia,2015,IDN,259091968.0,1882.794,24.558,197.815,5.461,94.253,1397.082,217.063,539.149,1936.231,2684763861665.7056
Indonesia,2016,IDN,261850176.0,1888.482,28.71,206.328,5.089,91.185,643.444,208.773,540.086,1183.53,2819889882297.1445
Indonesia,2017,IDN,264498848.0,1954.256,28.966,221.093,4.387,84.339,611.216,218.16,556.944,1168.161,2962852259428.3496
Indonesia,2018,IDN,267066848.0,2143.717,30.832,262.222,3.946,84.148,520.236,212.953,594.101,1114.337,3116158871295.9937
Indonesia,2019,IDN,269582880.0,2284.574,30.156,315.401,3.784,87.91,1074.289,213.655,650.906,1725.195,3272567851869.3066
Indonesia,2020,IDN,271857984.0,2112.62,26.297,300.518,3.525,81.217,836.091,194.428,605.985,1442.075,3204972579221.8896
Indonesia,2021,IDN,273753184.0,2154.942,27.262,303.154,3.149,80.013,888.556,202.345,615.923,1504.48,3323654486786.323
Indonesia,2022,IDN,275501344.0,2714.916,26.843,404.573,3.163,80.013,918.613,214.292,728.883,1647.497,3500093840756.068
Iran,1990,IRN,55793628.0,811.283,6.13,2.693,21.819,40.015,67.167,139.287,209.944,277.11,318478240120.0
Iran,1991,IRN,57990892.0,880.229,6.27,3.843,22.313,49.617,62.392,139.79,221.834,284.226,376283103700.0589
Iran,1992,IRN,59372016.0,973.424,6.226,3.385,21.734,52.647,33.696,142.941,226.935,260.631,424984706407.22
Iran,1993,IRN,59755432.0,900.748,6.559,4.133,17.697,60.69,21.343,146.528,235.607,256.95,419990130850.4637
Iran,1994,IRN,59985752.0,1008.745,6.78,4.173,21.821,73.287,7.882,157.266,263.327,271.21,419488453192.59937
Iran,1995,IRN,60794808.0,1057.944,6.986,3.909,20.192,81.575,-8.986,156.607,269.27,260.284,437566114818.61
Iran,1996,IRN,61598380.0,1150.883,7.081,4.089,21.72,81.246,9.157,160.791,274.926,284.083,483475463897.0789
Iran,1997,IRN,62480528.0,1186.134,7.565,4.195,21.471,90.915,-8.209,143.211,267.357,259.149,512736332760.9304
Iran,1998,IRN,63461424.0,1235.507,7.862,4.884,17.247,98.652,-37.292,174.87,303.514,266.222,541099722937.8248
Iran,1999,IRN,64474748.0,1331.568,8.477,4.976,16.516,114.287,12.972,227.718,371.974,384.946,563869023677.0673
Iran,2000,IRN,65544380.0,1396.568,9.118,5.328,19.291,120.448,6.05,210.118,364.302,370.352,595554565540.217
Iran,2001,IRN,66674856.0,1492.142,9.922,4.14,16.988,127.654,6.077,227.454,386.158,392.235,636570217166.9003
Iran,2002,IRN,67327120.0,1626.368,10.446,4.664,16.556,143.816,6.394,217.927,393.41,399.804,698059632125.2432
Iran,2003,IRN,67954704.0,1656.194,10.749,5.188,21.881,158.468,8.57,210.79,407.077,415.646,779969640263.5548
Iran,2004,IRN,69061680.0,1831.958,11.32,4.994,20.699,178.9,10.814,221.765,437.679,448.493,849442006170.8127
Iran,2005,IRN,70182592.0,1940.3,11.344,6.086,21.924,200.161,12.055,222.489,462.003,474.057,908856029705.2104
Iran,2006,IRN,71275768.0,2120.271,12.305,5.983,22.879,221.54,-21.427,233.364,496.07,474.643,995245215831.0476
Iran,2007,IRN,72319424.0,2253.991,14.191,6.577,20.097,236.52,-17.287,225.18,502.565,485.278,1098784548781.576
Iran,2008,IRN,73318400.0,2323.367,15.627,5.859,20.251,246.875,-21.488,233.945,522.557,501.069,1132365763008.882
Iran,2009,IRN,74322688.0,2379.29,17.753,4.393,20.475,261.065,-23.819,232.918,536.605,512.786,1208128424817.4573
Iran,2010,IRN,75373864.0,2421.595,21.561,5.448,21.191,277.22,-25.459,227.533,552.953,527.494,1310507084578.0962
Iran,2011,IRN,76342968.0,2529.514,23.057,5.313,20.961,293.263,-26.615,223.695,566.289,539.674,1345049291040.0002
Iran,2012,IRN,77324448.0,2558.024,24.068,4.129,20.731,292.274,-26.956,247.162,588.365,561.408,1324570716832.7043
Iran,2013,IRN,78458928.0,2647.917,24.831,4.118,20.74,294.934,-24.033,253.329,597.952,573.919,1287095612791.2097
Iran,2014,IRN,79961672.0,2756.672,23.491,3.591,22.785,335.007,-25.472,247.8,632.673,607.201,1352736951851.0496
Iran,2015,IRN,81790848.0,2745.521,20.9,4.302,22.557,356.769,-23.586,227.053,631.581,607.996,1331012176035.8923
Iran,2016,IRN,83306232.0,2878.794,19.761,3.451,29.786,380.704,-24.01,200.124,633.827,609.817,1413723693684.5854
Iran,2017,IRN,84505080.0,2986.091,18.91,4.708,33.22,399.504,-24.112,229.059,685.401,661.289,1486668402041.9592
Iran,2018,IRN,85617560.0,3087.446,19.091,4.459,32.439,418.29,-3.494,235.936,710.215,706.721,1483607127790.9048
Iran,2019,IRN,86564208.0,3257.938,20.893,3.73,25.963,415.107,-10.803,228.973,694.667,683.864,1438754476874.35
Iran,2020,IRN,87290192.0,3378.643,23.87,3.723,24.925,419.401,-12.587,207.088,679.007,666.421,1446203740266.6462
Iran,2021,IRN,87923432.0,3360.935,22.525,3.257,32.496,418.911,-13.231,210.887,688.076,674.846,1525523021903.5176
Iran,2022,IRN,88550568.0,3376.707,21.654,3.723,32.375,405.62,-13.181,227.263,690.635,677.454,1572208979682.693
Japan,1990,JPN,123686320.0,5218.65,38.701,318.711,0.192,116.896,0.559,671.429,1157.196,1157.755,3699821562651.0
Japan,1991,JPN,124073992.0,5336.243,40.347,318.579,0.216,125.042,-0.773,673.791,1168.897,1168.124,3824677414140.348
Japan,1992,JPN,124444696.0,5391.939,41.666,312.947,0.209,126.467,-1.36,687.36,1178.675,1177.315,3856515793128.783
Japan,1993,JPN,124779576.0,5473.17,41.224,318.364,0.212,129.365,-3.139,672.758,1171.687,1168.548,3860865139821.36
Japan,1994,JPN,125119264.0,5677.982,42.297,326.152,0.232,135.668,0.4,712.832,1226.702,1227.102,3893220523448.09
Japan,1995,JPN,125433968.0,5968.173,42.142,336.098,0.523,140.632,-3.867,710.136,1239.048,1235.181,3997430896753.146
Japan,1996,JPN,125726224.0,6083.47,42.56,344.903,0.572,146.416,-5.057,707.677,1251.546,1246.488,4118875415477.421
Japan,1997,JPN,126027984.0,6200.573,39.926,350.437,0.582,151.051,-7.075,692.814,1244.251,1237.176,4160709476275.336
Japan,1998,JPN,126308392.0,6076.8,35.363,328.065,0.5,154.585,-6.562,676.905,1204.403,1197.841,4111244968374.173
Japan,1999,JPN,126555064.0,6176.304,35.01,346.075,0.541,163.835,-7.479,686.478,1241.036,1233.557,4098282957768.511
Japan,2000,JPN,126803864.0,6242.476,35.086,372.898,0.513,168.695,4.071,677.172,1263.755,1267.826,4209651885903.616
Japan,2001,JPN,127065736.0,6183.373,34.374,381.944,0.55,167.833,-7.242,655.456,1249.162,1241.92,4224163564299.504
Japan,2002,JPN,127301744.0,6192.44,32.417,399.075,0.526,171.744,-9.79,666.369,1278.787,1268.997,4226575817549.0127
Japan,2003,JPN,127502352.0,6170.211,31.935,412.437,0.507,177.139,-11.243,656.423,1287.292,1276.05,4288493335985.549
Japan,2004,JPN,127671288.0,6241.509,31.276,420.397,0.479,176.05,-11.29,645.272,1282.686,1271.396,4380397985974.367
Japan,2005,JPN,127798376.0,6263.036,32.28,430.822,0.509,174.681,-11.544,642.282,1290.145,1278.601,4450600965248.421
Japan,2006,JPN,127902168.0,6248.704,31.991,427.929,0.555,191.312,-11.648,605.501,1267.118,1255.47,4514224954934.308
Japan,2007,JPN,128006424.0,6181.806,30.658,445.403,0.617,207.748,-10.874,608.088,1302.837,1291.963,4590814356007.329
Japan,2008,JPN,128077632.0,6073.238,28.553,426.679,0.567,203.282,-9.891,563.322,1232.014,1222.123,4542408211673.288
Japan,2009,JPN,128117040.0,5541.613,25.308,411.779,0.502,201.011,-10.214,516.33,1163.057,1152.843,4298102894746.953
Japan,2010,JPN,128105432.0,5907.574,24.321,446.473,0.476,212.046,-10.765,522.267,1214.707,1203.942,4480295741206.953
Japan,2011,JPN,128007256.0,5595.579,24.983,430.912,0.479,246.698,-8.837,552.787,1264.631,1255.794,4468738297310.0
Japan,2012,JPN,127853688.0,5552.538,25.625,450.418,0.492,255.891,-5.797,564.589,1305.884,1300.087,4530172320771.594
Japan,2013,JPN,127678920.0,5512.085,26.805,481.616,0.441,255.307,-6.544,541.914,1315.192,1308.648,4621006816785.942
Japan,2014,JPN,127476728.0,5372.656,26.557,473.327,0.451,257.384,-5.566,497.252,1264.072,1258.506,4634693617154.654
Japan,2015,JPN,127250936.0,5296.524,25.936,466.231,0.427,245.228,-4.327,476.874,1223.169,1218.842,4707024768869.148
Japan,2016,JPN,126993856.0,5228.627,25.969,456.862,0.46,250.608,-3.385,460.232,1202.454,1199.07,4742508455740.72
Japan,2017,JPN,126662464.0,5292.342,26.429,458.838,0.439,244.659,-1.921,447.996,1186.802,1184.882,4821960316708.037
Japan,2018,JPN,126255872.0,5264.132,26.183,442.189,0.428,233.099,-0.823,431.473,1141.669,1140.846,4852985248183.114
Japan,2019,JPN,125791680.0,5140.941,25.328,432.433,0.389,223.211,0.504,415.45,1104.54,1105.044,4833468040017.496
Japan,2020,JPN,125244760.0,4762.967,24.49,399.226,0.393,221.782,1.654,386.862,1039.796,1041.45,4626661388270.685
Japan,2021,JPN,124612528.0,4983.889,24.396,428.082,0.359,211.048,2.925,390.6,1062.129,1065.054,4725883271706.588
Japan,2022,JPN,123951696.0,4956.198,23.157,427.213,0.359,204.824,4.229,390.6,1053.798,1058.027,4774494775637.31
Russia,1990,RUS,148005696.0,10076.103,34.609,754.207,33.222,788.193,335.757,888.24,2536.248,2872.005,1834865200000.0
Russia,1991,RUS,148455408.0,9938.643,32.837,705.395,33.629,754.959,289.872,844.452,2406.756,2696.628,1782589564629.87
Russia,1992,RUS,148725600.0,9566.619,26.717,521.601,27.375,774.35,164.031,585.385,1966.505,2130.536,1557839108249.74
Russia,1993,RUS,148897280.0,8919.131,21.995,507.516,22.063,781.669,127.235,509.992,1866.729,1993.964,1453308148987.4358
Russia,1994,RUS,148829120.0,8138.424,16.475,454.67,18.667,732.937,81.446,406.8,1647.665,1729.11,1297672588197.074
Russia,1995,RUS,148557456.0,7702.033,16.646,479.041,19.977,699.582,12.235,386.793,1619.727,1631.962,1274033452593.145
Russia,1996,RUS,148233408.0,7413.202,12.723,477.466,20.154,699.775,440.799,361.332,1586.822,2027.621,1256336599008.7852
Russia,1997,RUS,147939968.0,7011.005,12.273,411.997,21.843,669.233,40.629,352.956,1482.245,1522.874,1303661574747.2632
Russia,1998,RUS,147672720.0,6997.946,11.923,400.631,21.849,673.399,21.029,345.571,1465.253,1486.282,1263722619613.472
Russia,1999,RUS,147336384.0,7086.538,13.173,407.464,23.633,686.577,34.665,350.395,1494.179,1528.844,1375023713543.9185
Russia,2000,RUS,146844848.0,7214.09,15.113,427.01,23.764,681.631,-17.237,317.516,1479.142,1461.906,1547057421504.8684
Russia,2001,RUS,146235520.0,7328.268,15.863,445.476,24.348,693.223,-39.505,323.3,1515.647,1476.142,1662886687529.01
Russia,2002,RUS,145590144.0,7298.46,17.116,424.116,34.816,702.703,-61.838,314.772,1506.788,1444.95,1781424835793.5156
Russia,2003,RUS,144946720.0,7448.467,18.666,425.963,34.543,735.376,-35.004,308.711,1537.018,1502.014,1955876013599.748
Russia,2004,RUS,144353648.0,7514.088,20.915,416.376,39.638,743.405,-39.594,309.318,1543.957,1504.363,2143914804361.1624
Russia,2005,RUS,143800048.0,7503.902,22.256,417.916,41.53,746.183,-19.596,320.02,1562.577,1542.98,2331246979614.2773
Russia,2006,RUS,143338672.0,7836.936,24.545,437.859,42.157,766.955,22.696,335.529,1623.002,1645.698,2576148481476.799
Russia,2007,RUS,143117680.0,7878.334,27.645,423.047,50.868,779.354,61.696,326.463,1623.781,1685.478,2858759517669.522
Russia,2008,RUS,143086544.0,7914.625,23.625,451.93,36.625,779.724,34.12,343.698,1652.064,1686.184,3078094268792.468
Russia,2009,RUS,143163648.0,7522.19,19.746,419.075,38.288,732.688,208.419,323.009,1545.034,1753.454,2903690084793.3013
Russia,2010,RUS,143242592.0,7814.577,22.723,419.276,47.87,794.593,378.583,333.87,1632.783,2011.366,3105249200734.025
Russia,2011,RUS,143364544.0,8080.629,25.129,430.352,51.561,817.72,96.24,346.176,1685.91,1782.149,3306766109400.0
Russia,2012,RUS,143629360.0,8128.429,26.332,445.326,52.928,807.072,338.417,353.791,1701.268,2039.685,3439833226935.005
Russia,2013,RUS,143956864.0,8032.607,27.281,408.194,48.828,782.85,219.361,357.04,1640.437,1859.798,3500216816787.327
Russia,2014,RUS,144285072.0,8057.55,26.453,397.222,38.466,775.338,96.844,385.79,1639.959,1736.803,3525987773128.5776
Russia,2015,RUS,144668384.0,7930.555,23.171,417.405,33.023,739.506,401.906,408.673,1638.675,2040.582,3456429928726.512
Russia,2016,RUS,145109152.0,8092.628,20.432,405.877,36.218,753.005,417.076,403.595,1634.885,2051.961,3463124039267.766
Russia,2017,RUS,145452544.0,8141.66,20.512,389.27,41.926,780.664,433.239,417.49,1666.121,2099.36,3526354077857.8906
Russia,2018,RUS,145652288.0,8441.753,20.091,401.062,49.438,828.859,445.644,395.445,1712.494,2158.138,3625347493878.965
Russia,2019,RUS,145742288.0,8378.17,20.306,395.101,62.655,807.388,274.86,402.824,1705.031,1979.891,3705035373541.773
Russia,2020,RUS,145617328.0,8075.289,20.581,367.669,59.115,784.291,273.085,384.939,1632.929,1906.015,3606716535868.172
Russia,2021,RUS,145102752.0,8745.49,22.158,382.146,60.216,854.064,297.51,376.578,1711.993,2009.503,3809571638749.295
Russia,2022,RUS,144713312.0,8025.717,22.48,355.407,60.216,811.361,313.029,385.883,1652.177,1965.207,3731440854063.126
Saudi Arabia,1990,SAU,16004768.0,928.337,5.819,0.0,0.462,90.816,12.094,111.4,208.497,220.591,230231008935.0
Saudi Arabia,1991,SAU,16654283.0,972.452,5.509,0.0,0.865,111.496,8.921,170.676,288.546,297.466,279266371065.1608
Saudi Arabia,1992,SAU,17281352.0,981.756,7.417,0.0,0.539,113.518,6.545,194.701,316.175,322.719,306102223787.6601
Saudi Arabia,1993,SAU,17846472.0,1002.85,7.398,0.0,0.729,119.721,4.196,212.794,340.642,344.839,318013020887.6868
Saudi Arabia,1994,SAU,18367526.0,1159.58,7.246,0.0,6.717,124.521,3.04,195.159,333.643,336.683,336457989306.8776
Saudi Arabia,1995,SAU,18888862.0,1130.006,7.612,0.0,6.172,75.896,2.235,178.451,268.132,270.367,354296179976.4951
Saudi Arabia,1996,SAU,19410278.0,1168.553,7.925,0.0,6.839,79.219,1.739,169.343,263.326,265.065,381675231245.7961
Saudi Arabia,1997,SAU,19938380.0,1190.249,7.417,0.0,7.768,82.48,1.448,124.004,221.67,223.118,404619651567.376
Saudi Arabia,1998,SAU,20472576.0,1252.577,7.596,0.0,6.745,83.902,1.28,114.914,213.157,214.437,436367193703.5482
Saudi Arabia,1999,SAU,21009664.0,1275.43,7.842,0.0,6.094,82.403,1.19,135.143,231.482,232.673,440370735163.2982
Saudi Arabia,2000,SAU,21547398.0,1334.88,8.696,0.0,7.078,88.183,1.251,198.371,302.328,303.579,488272436077.2844
Saudi Arabia,2001,SAU,22085932.0,1422.332,9.887,0.0,6.558,81.253,1.158,205.004,302.703,303.861,506978108819.2545
Saudi Arabia,2002,SAU,22623412.0,1481.383,11.162,0.0,6.417,94.938,2.229,219.463,331.98,334.209,518347021615.0169
Saudi Arabia,2003,SAU,23150850.0,1569.191,11.545,0.0,7.704,97.902,0.605,216.839,333.991,334.596,607244611840.5791
Saudi Arabia,2004,SAU,23661804.0,1702.448,11.722,0.0,6.853,119.244,0.682,263.194,401.013,401.695,690846608611.7495
Saudi Arabia,2005,SAU,24397652.0,1811.106,11.527,0.0,7.378,127.254,-0.042,256.689,402.848,402.806,768984291416.5668
Saudi Arabia,2006,SAU,25382870.0,1900.17,12.391,0.0,7.961,135.0,0.448,283.766,439.117,439.565,833723440544.4121
Saudi Arabia,2007,SAU,26400066.0,1944.057,14.179,0.0,7.98,113.478,-0.721,258.466,394.103,393.381,896025271157.8036
Saudi Arabia,2008,SAU,27437352.0,2128.464,18.37,0.0,8.007,125.151,-1.945,288.815,440.344,438.398,1005243487231.4844
Saudi Arabia,2009,SAU,28483800.0,2205.138,20.185,0.0,7.371,119.593,-1.804,326.067,473.215,471.411,1040467071488.0432
Saudi Arabia,2010,SAU,29411930.0,2451.107,20.991,0.0,6.888,137.078,-1.559,359.647,524.604,523.045,1156842070017.8462
Saudi Arabia,2011,SAU,30150952.0,2557.291,22.332,0.0,5.267,139.617,-1.64,335.71,502.926,501.286,1347950215300.0002
Saudi Arabia,2012,SAU,30821554.0,2714.21,25.374,0.0,3.646,151.587,-1.754,386.219,566.826,565.071,1421109169229.881
Saudi Arabia,2013,SAU,31482502.0,2731.22,28.223,0.0,3.758,153.199,5.977,359.383,544.564,550.541,1461615625104.4966
Saudi Arabia,2014,SAU,32125570.0,2931.717,29.854,0.0,3.655,224.051,3.83,355.282,612.842,616.672,1520484169684.122
Saudi Arabia,2015,SAU,32749838.0,3056.625,29.67,0.0,4.048,230.019,1.507,415.113,678.849,680.356,1591797045835.589
Saudi Arabia,2016,SAU,33416272.0,3179.844,28.879,0.37,3.884,241.864,1.481,422.423,697.42,698.901,1629412681799.1238
Saudi Arabia,2017,SAU,34193120.0,3181.819,23.998,0.55,4.352,247.624,3.677,404.33,680.854,684.531,1628276586961.8103
Saudi Arabia,2018,SAU,35018132.0,3101.677,25.135,0.48,4.337,257.22,3.487,399.724,686.896,690.383,1673253854888.2966
Saudi Arabia,2019,SAU,35827364.0,2973.287,24.604,0.513,3.949,255.934,3.502,422.126,707.125,710.627,1687180074735.489
Saudi Arabia,2020,SAU,35997108.0,2890.927,25.593,0.432,4.257,261.062,3.669,319.43,610.773,614.442,1613932829871.1208
Saudi Arabia,2021,SAU,35950396.0,2987.546,28.688,0.432,3.992,264.267,3.854,334.058,631.437,635.291,1677226819719.853
Saudi Arabia,2022,SAU,36408824.0,3193.319,29.997,0.432,3.496,277.737,3.962,350.887,662.549,666.512,1823886229450.616
South Korea,1990,KOR,44120040.0,1066.037,15.873,94.308,0.0,6.433,-4.389,130.947,250.511,246.122,594764506000.0
South Korea,1991,KOR,44487412.0,1205.615,18.962,94.094,0.0,7.441,-4.65,151.671,275.688,271.039,651871517499.077
South Korea,1992,KOR,44703708.0,1359.716,21.129,91.32,0.0,9.733,-3.941,173.971,299.905,295.965,687368672650.7195
South Korea,1993,KOR,44932856.0,1491.08,24.7,99.62,0.0,12.159,-4.351,189.427,330.174,325.823,729369259346.2485
South Korea,1994,KOR,45165784.0,1607.975,26.84,101.801,0.0,16.186,-5.238,206.573,355.695,350.457,791073887356.4005
South Korea,1995,KOR,45393416.0,1756.939,28.105,105.3,0.0,19.574,-6.44,226.079,383.665,377.225,860793765469.5463
South Korea,1996,KOR,45660164.0,1940.434,28.309,122.689,0.0,25.859,-6.651,239.471,420.996,414.345,919812656163.082
South Korea,1997,KOR,45962392.0,2131.123,29.32,133.313,0.0,31.427,-6.547,246.07,444.968,438.421,967604949673.4828
South Korea,1998,KOR,46250260.0,1948.724,22.879,137.598,0.0,29.399,-5.799,183.586,378.038,372.239,908368099519.259
South Korea,1999,KOR,46520448.0,2123.568,23.719,145.635,0.0,35.797,-2.84,200.628,410.519,407.679,1004162465779.1472
South Korea,2000,KOR,46788588.0,2245.913,24.756,163.883,0.0,40.204,-5.298,206.229,439.981,434.682,1086261688368.0928
South Korea,2001,KOR,47064784.0,2300.119,25.665,174.626,0.0,44.163,-5.99,206.083,455.631,449.641,1127616213145.893
South Korea,2002,KOR,47320664.0,2406.09,27.107,187.637,0.0,49.069,-5.827,207.116,476.065,470.238,1203066619635.484
South Korea,2003,KOR,47539740.0,2483.298,27.92,195.319,0.0,51.401,-5.775,205.372,485.213,479.437,1229830476309.0251
South Korea,2004,KOR,47727288.0,2541.355,26.124,203.138,0.0,60.234,-5.173,196.256,491.389,486.216,1281243817522.8486
South Korea,2005,KOR,47889576.0,2627.459,23.326,209.293,0.0,65.27,-5.509,195.069,498.688,493.179,1322354609515.1082
South Korea,2006,KOR,48049348.0,2670.581,23.14,216.428,0.0,67.995,-5.453,190.054,503.478,498.025,1381281441120.419
South Korea,2007,KOR,48220600.0,2750.528,26.275,228.427,0.0,73.37,-5.357,187.258,521.709,516.352,1446721514340.8052
South Korea,2008,KOR,48398632.0,2796.214,26.08,253.041,0.0,75.924,-5.493,171.088,532.651,527.158,1477425175333.3142
South Korea,2009,KOR,48588024.0,2811.591,24.553,262.395,0.0,72.171,-4.983,172.708,537.82,532.836,1477640599868.5225
South Korea,2010,KOR,48813036.0,3037.211,24.297,295.05,0.0,91.541,-5.623,176.156,594.339,588.716,1562822799633.4438
South Korea,2011,KOR,49169880.0,3177.892,24.721,320.169,0.0,98.513,-1.481,171.469,623.443,621.962,1609219825000.0
South Korea,2012,KOR,49634188.0,3216.42,24.849,316.99,0.0,106.566,-3.875,170.817,627.943,624.068,1647889378855.79
South Korea,2013,KOR,50098228.0,3228.407,25.05,320.644,0.0,111.531,-4.481,168.582,634.581,630.1,1700045074542.6077
South Korea,2014,KOR,50558044.0,3256.654,25.412,331.304,0.0,101.445,-4.418,161.534,629.366,624.948,1754480517661.2092
South Korea,2015,KOR,50994396.0,3314.042,25.779,335.411,0.0,92.589,-4.939,170.594,634.177,629.238,1803763875800.6035
South Korea,2016,KOR,51309984.0,3412.538,26.672,320.697,0.0,96.655,-5.037,184.034,637.914,632.877,1856920798483.806
South Korea,2017,KOR,51511640.0,3446.665,26.351,337.669,0.0,100.861,-5.071,179.413,654.537,649.466,1915599499916.0496
South Korea,2018,KOR,51676900.0,3505.189,24.702,340.348,0.0,117.173,-5.76,177.633,670.169,664.409,1971285976027.965
South Korea,2019,KOR,51803832.0,3465.476,24.93,321.606,0.0,113.586,-6.091,175.797,646.102,640.011,2015521629051.6067
South Korea,2020,KOR,51844688.0,3334.191,22.866,282.883,0.0,116.635,-6.121,165.068,597.634,591.513,2001231587393.9136
South Korea,2021,KOR,51830136.0,3489.739,23.704,283.908,0.006,126.79,-6.441,171.484,616.075,609.634,2084182632356.419
South Korea,2022,KOR,51815808.0,3530.013,23.409,268.032,0.006,125.663,-6.612,173.707,600.999,594.387,2137558553222.397
Ukraine,1990,UKR,51589816.0,3194.697,9.401,263.168,3.483,216.19,6.749,205.687,706.227,712.976,495935195925.0
Ukraine,1991,UKR,51672816.0,2994.568,8.918,222.622,3.065,224.884,18.983,167.044,632.924,651.907,460353475477.5743
Ukraine,1992,UKR,51785152.0,2530.553,8.679,245.344,2.709,197.13,10.852,129.12,589.283,600.134,421710464844.3461
Ukraine,1993,UKR,51778420.0,2218.278,6.398,235.88,2.437,165.866,7.551,94.482,510.32,517.871,367893671629.1579
Ukraine,1994,UKR,51487376.0,1895.852,4.991,185.817,2.277,144.306,12.293,77.58,419.492,431.785,288418679454.6148
Ukraine,1995,UKR,51061268.0,1849.755,3.408,174.093,2.226,134.048,5.413,72.31,390.072,395.485,257477959280.3348
Ukraine,1996,UKR,50616104.0,1724.072,2.161,146.215,2.231,137.899,2.399,60.779,351.77,354.168,235602700933.8514
Ukraine,1997,UKR,50169352.0,1662.889,2.415,154.305,2.212,129.719,-2.741,49.468,340.514,337.774,232333257919.2345
Ukraine,1998,UKR,49745868.0,1604.654,2.788,123.079,2.191,155.921,-7.755,42.553,328.808,321.052,231737301784.4261
Ukraine,1999,UKR,49320116.0,1580.584,2.535,123.714,2.145,130.367,16.99,37.528,298.579,315.569,235148294813.56973
Ukraine,2000,UKR,48879752.0,1585.457,2.261,122.878,2.147,124.325,13.57,31.612,285.674,299.244,253196042659.5286
Ukraine,2001,UKR,48414536.0,1562.9,2.475,131.831,2.191,130.433,4.852,33.996,303.891,308.743,281110341382.554
Ukraine,2002,UKR,47976540.0,1553.238,2.817,136.228,2.178,116.284,1.981,35.368,295.901,297.882,301087055499.01764
Ukraine,2003,UKR,47605644.0,1591.928,3.612,132.444,2.379,128.304,3.277,37.249,307.245,310.522,335257370431.96234
Ukraine,2004,UKR,47261960.0,1585.872,4.264,135.323,2.573,128.409,-1.29,36.469,310.626,309.336,381078098167.3898
Ukraine,2005,UKR,46912616.0,1605.493,4.785,135.906,2.472,130.363,-0.17,36.259,313.531,313.36,399366219156.52
Ukraine,2006,UKR,46592552.0,1624.431,5.484,154.04,2.49,126.738,-1.725,40.508,333.062,331.337,436786728856.8704
Ukraine,2007,UKR,46313064.0,1617.882,6.164,161.469,2.618,119.444,1.519,43.12,336.82,338.339,480580706165.646
Ukraine,2008,UKR,46062936.0,1562.053,6.294,154.64,2.696,114.802,-0.274,43.891,325.983,325.71,499592176469.6205
Ukraine,2009,UKR,45863884.0,1330.558,2.59,136.611,2.647,89.978,11.767,42.693,277.593,289.361,431074417352.5093
Ukraine,2010,UKR,45683024.0,1426.915,2.882,145.421,2.618,100.442,4.604,39.84,294.366,298.97,439429747803.677
Ukraine,2011,UKR,45516136.0,1474.744,3.901,153.853,2.679,104.231,2.959,39.774,308.376,311.336,471221172160.0
Ukraine,2012,UKR,45406228.0,1442.989,3.281,158.981,2.549,97.27,19.818,38.465,304.424,324.242,472276708774.4383
Ukraine,2013,UKR,45307104.0,1369.568,3.397,160.185,2.529,90.477,9.809,37.34,297.479,307.288,472286157491.1771
Ukraine,2014,UKR,45148072.0,1208.371,3.299,138.373,2.494,75.185,7.176,35.341,257.639,264.815,441233342457.39166
Ukraine,2015,UKR,44982568.0,1003.408,3.278,119.393,2.382,65.487,17.65,30.489,223.788,241.438,398045417149.92645
Ukraine,2016,UKR,44833568.0,1049.995,3.627,126.828,2.373,64.067,9.074,34.124,233.961,243.035,407666180440.92114
Ukraine,2017,UKR,44657260.0,975.331,3.557,112.586,2.304,66.621,8.045,35.342,223.081,231.126,417287097939.4591
Ukraine,2018,UKR,44446952.0,1011.989,3.716,120.544,2.399,66.949,5.826,35.214,231.664,237.49,431842075037.8696
Ukraine,2019,UKR,44211100.0,957.663,3.961,114.046,2.355,60.388,5.048,38.481,221.943,226.991,445656701721.3055
Ukraine,2020,UKR,43909664.0,918.452,4.065,102.155,2.304,60.606,4.666,34.915,206.824,211.49,428931204386.10895
Ukraine,2021,UKR,43531424.0,934.182,4.339,103.8,2.253,59.839,4.175,37.046,210.153,214.329,443313272771.9728
Ukraine,2022,UKR,39701744.0,647.501,4.339,56.817,2.253,42.131,3.889,32.836,141.253,145.142,309166672967.1117
United Kingdom,1990,GBR,57210444.0,2508.394,7.295,252.69,6.787,113.518,3.898,217.8,601.945,605.843,1505692217023.0
United Kingdom,1991,GBR,57359452.0,2561.217,5.994,253.623,6.26,121.693,2.537,218.39,609.413,611.95,1488075335693.217
United Kingdom,1992,GBR,57509240.0,2545.327,5.456,237.747,6.444,122.296,-9.416,218.447,593.846,584.43,1491751994195.3423
United Kingdom,1993,GBR,57647464.0,2574.725,5.525,207.686,6.636,137.591,-8.109,219.163,579.613,571.504,1527509033321.5083
United Kingdom,1994,GBR,57785900.0,2543.823,6.368,195.376,7.426,145.455,-3.976,215.736,574.017,570.041,1585373240249.67
United Kingdom,1995,GBR,57930364.0,2552.545,6.285,181.699,8.341,154.254,7.257,211.595,566.159,573.416,1623858085652.9077
United Kingdom,1996,GBR,58078584.0,2676.295,6.416,173.072,8.707,177.543,13.4,216.892,586.761,600.16,1663446686660.2542
United Kingdom,1997,GBR,58250192.0,2629.999,6.71,154.729,7.211,182.887,6.285,207.743,562.708,568.993,1713864624539.017
United Kingdom,1998,GBR,58438320.0,2651.819,6.838,154.088,7.448,191.361,-4.981,204.934,568.544,563.562,1766619843236.3413
United Kingdom,1999,GBR,58635204.0,2639.632,6.531,138.313,6.171,205.231,-5.65,201.663,561.65,556.0,1823341857250.996
United Kingdom,2000,GBR,58850044.0,2664.474,6.332,144.443,6.446,210.131,0.642,198.238,569.034,569.675,1889565241789.2625
United Kingdom,2001,GBR,59092016.0,2692.175,5.844,153.534,6.493,210.16,-0.182,198.651,577.971,577.789,1939268249282.171
United Kingdom,2002,GBR,59355688.0,2631.41,5.988,141.691,6.179,207.03,1.733,196.13,560.273,562.007,1983994387966.655
United Kingdom,2003,GBR,59649800.0,2669.371,5.868,153.103,5.563,208.462,4.319,194.397,571.619,575.938,2050625396538.616
United Kingdom,2004,GBR,59995852.0,2691.21,5.977,147.662,5.619,211.734,6.557,197.952,573.43,579.987,2099526781839.385
United Kingdom,2005,GBR,60383740.0,2713.482,5.941,148.033,5.991,205.438,43.367,200.448,570.338,613.705,2161729590909.2776
United Kingdom,2006,GBR,60803700.0,2678.878,5.893,160.844,5.272,194.126,22.123,197.183,567.846,589.968,2212618763719.148
United Kingdom,2007,GBR,61260680.0,2604.628,6.117,150.844,5.417,196.52,17.728,196.16,559.566,577.295,2267631550916.6123
United Kingdom,2008,GBR,61742152.0,2559.33,5.205,139.219,4.75,202.655,10.905,188.8,544.932,555.837,2252034790088.917
United Kingdom,2009,GBR,62243384.0,2430.017,3.721,113.823,4.881,188.07,7.684,180.264,494.108,501.791,2151479088951.179
United Kingdom,2010,GBR,62760048.0,2481.533,3.792,118.03,4.738,201.927,6.804,179.848,511.905,518.709,2190919846036.3564
United Kingdom,2011,GBR,63286360.0,2342.043,4.097,117.15,4.453,168.236,10.638,172.06,469.713,480.352,2223011348880.0
United Kingdom,2012,GBR,63808728.0,2379.613,3.724,148.005,3.646,158.24,16.94,170.288,487.477,504.416,2255210703605.8345
United Kingdom,2013,GBR,64302296.0,2371.596,4.029,142.457,4.216,157.622,15.837,165.756,477.611,493.449,2296252457466.524
United Kingdom,2014,GBR,64773504.0,2240.112,4.215,115.434,4.436,144.492,11.868,166.511,438.807,450.675,2369725709507.479
United Kingdom,2015,GBR,65224368.0,2275.699,4.393,91.548,4.641,147.899,19.735,170.773,422.461,442.195,2426435693490.6763
United Kingdom,2016,GBR,65655204.0,2251.756,4.553,47.825,4.559,165.742,18.978,173.93,399.43,418.408,2478973027121.962
United Kingdom,2017,GBR,66064808.0,2252.731,4.41,39.129,4.301,161.697,12.319,174.851,387.367,399.686,2539548480028.706
United Kingdom,2018,GBR,66432996.0,2243.542,4.364,33.28,4.476,161.485,13.781,173.087,379.73,393.51,2582848318201.205
United Kingdom,2019,GBR,66778660.0,2196.601,4.448,24.513,4.283,159.321,13.928,168.996,364.753,378.681,2624285175422.3955
United Kingdom,2020,GBR,67059472.0,1973.261,3.9,22.809,3.443,149.42,15.433,143.981,326.263,341.696,2334803990597.546
United Kingdom,2021,GBR,67281040.0,1999.378,4.215,24.413,3.531,159.854,15.422,152.671,347.465,362.887,2512190045668.1416
United Kingdom,2022,GBR,67508936.0,2031.876,4.073,19.581,3.237,136.709,15.931,152.507,318.654,334.585,2615230574470.2183
United States,1990,USA,248083728.0,22606.611,33.484,1814.521,46.339,1023.151,289.245,2178.912,5120.957,5410.202,9250377703908.0
United States,1991,USA,251560192.0,22576.309,32.736,1797.739,45.348,1042.997,237.034,2119.828,5062.957,5299.991,9224688467039.951
United States,1992,USA,255175328.0,22909.344,32.993,1819.076,45.015,1081.595,179.678,2171.389,5174.228,5353.906,9552658066416.504
United States,1993,USA,258779760.0,23390.023,34.838,1880.75,44.013,1110.157,164.854,2179.57,5272.851,5437.705,9814940459160.438
United States,1994,USA,262273584.0,23820.387,36.31,1894.587,44.409,1137.466,215.746,2226.839,5364.279,5580.025,10211204349910.549
United States,1995,USA,265660560.0,24340.916,37.075,1913.488,42.757,1186.277,98.968,2218.052,5425.259,5524.228,10488856950652.176
United States,1996,USA,268984352.0,25161.398,37.309,1993.662,41.299,1206.218,80.214,2305.573,5612.983,5693.196,10886952651335.85
United States,1997,USA,272395424.0,25350.254,38.561,2039.02,41.419,1213.878,103.047,2326.319,5688.142,5791.189,11375560897368.248
United States,1998,USA,275835008.0,25512.498,39.461,2063.092,39.022,1191.005,112.859,2370.752,5733.281,5846.14,11881792591151.297
United States,1999,USA,279181568.0,25965.105,40.239,2063.44,38.8,1197.99,151.724,2433.326,5803.918,5955.642,12438444800884.094
United States,2000,USA,282398560.0,26545.426,41.445,2163.759,38.915,1251.263,137.626,2487.797,6010.136,6147.761,12947418288738.207
United States,2001,USA,285470496.0,25912.779,41.613,2099.619,38.696,1198.819,42.849,2502.393,5907.74,5950.588,13073810390593.63
United States,2002,USA,288350240.0,26297.848,43.164,2103.791,38.893,1237.949,5.003,2495.597,5946.308,5951.311,13307343355773.19
United States,2003,USA,291109824.0,26380.113,43.349,2143.993,38.567,1201.023,64.132,2557.467,6010.146,6074.277,13680911692119.717
United States,2004,USA,293947872.0,26897.549,45.886,2164.773,39.12,1204.496,-18.676,2630.825,6112.655,6093.979,14198910037086.336
United States,2005,USA,296842656.0,26910.133,46.194,2188.244,39.43,1186.858,44.344,2642.692,6132.183,6176.527,14673826132063.236
United States,2006,USA,299753088.0,26698.119,46.851,2152.459,40.037,1173.211,-37.954,2609.708,6052.686,6014.732,15065164433314.504
United States,2007,USA,302743392.0,27063.787,45.509,2175.189,40.463,1247.391,-53.868,2592.216,6130.123,6076.254,15333183459083.195
United States,2008,USA,305694912.0,26405.514,41.416,2135.724,42.054,1252.781,-2.658,2414.708,5915.119,5912.461,15288552806647.248
United States,2009,USA,308512032.0,25105.531,29.615,1872.449,41.082,1231.607,-49.924,2280.345,5480.726,5430.801,14864003316912.0
United States,2010,USA,311182848.0,25951.863,31.449,1982.954,43.407,1290.495,7.877,2300.574,5679.715,5687.592,15239587282908.611
United States,2011,USA,313876608.0,25726.066,32.208,1873.284,47.863,1310.707,-79.32,2252.414,5546.116,5466.796,15477885525000.0
United States,2012,USA,316651328.0,25047.863,35.27,1658.491,51.515,1372.072,27.297,2196.025,5344.086,5371.383,15830887501026.082
United States,2013,USA,319375168.0,25727.75,36.369,1720.408,57.423,1410.482,-17.441,2224.627,5480.157,5462.715,16122472848582.871
United States,2014,USA,322033952.0,25996.219,39.439,1710.594,63.124,1435.209,46.376,2247.931,5528.681,5575.057,16491318406281.13
United States,2015,USA,324607776.0,25747.033,39.907,1479.145,64.372,1476.136,26.021,2285.676,5376.473,5402.494,16937634549243.352
United States,2016,USA,327210208.0,25723.152,39.439,1347.943,55.139,1481.873,67.828,2299.961,5252.932,5320.76,17220065539710.16
United States,2017,USA,329791232.0,25819.029,40.324,1308.716,59.486,1460.656,145.118,2315.177,5212.162,5357.28,17606125057116.426
United States,2018,USA,332140032.0,26764.953,38.971,1256.631,72.066,1619.275,108.298,2366.168,5377.797,5486.095,18124693249758.0
United States,2019,USA,334319680.0,26574.742,40.896,1071.666,88.437,1675.471,112.161,2360.999,5262.145,5374.306,18540553337243.24
United States,2020,USA,335942016.0,24603.098,40.688,877.92,67.749,1656.255,114.729,2047.544,4714.628,4829.357,18027359509357.23
United States,2021,USA,336997632.0,25945.025,41.312,1004.531,63.294,1659.225,127.596,2239.014,5032.213,5159.809,19099378662219.664
United States,2022,USA,338289856.0,26641.771,41.418,934.698,63.294,1743.539,141.749,2249.519,5057.304,5199.053,19493170521845.992
